start_time,end_time,open,close,low,high,h_open,h_close,h_low,h_high,finish,atr_14,macd_13_34,st_signal,av2_open,av2_close,histo2,qqe,ema_h200,ema_200,fastk,fastd,xo_signal,macd_hists
2023-06-07 00:00:00,2023-06-07 00:04:59,1.4292,1.4107,1.4008,1.4299,1.4382943750879769,1.41765,1.4008,1.4382943750879769,True,0.02348160327687577,-0.010064259573924882,0,1.382656230464529,1.387207918037782,-11.737300114163773,-11.737300114163773,1.2998266308642488,1.3002069438676438,6.276460832547552e-14,6.9037483640805535,0,-2
2023-06-07 00:05:00,2023-06-07 00:09:59,1.4107,1.3911,1.3875,1.4133,1.4279721875439884,1.4006500000000002,1.3875,1.4279721875439884,True,0.02364720304281322,-0.012235379014066624,0,1.3849320742511555,1.3889187925226647,-17.55292073251151,-17.55292073251151,1.3008298484675895,1.3011113523863738,6.276460832547552e-14,2.6773660649714603,0,-2
2023-06-07 00:10:00,2023-06-07 00:14:59,1.3911,1.4071,1.3907,1.4199,1.4143110937719943,1.4022000000000001,1.3907,1.4199,True,0.02404383139689798,-0.012174149917389208,0,1.38692543338691,1.3903568992438833,-16.31892619947856,-16.31892619947856,1.3018385066917926,1.3021659657954645,0.6430044801276602,0.2143348267092787,0,-2
2023-06-07 00:15:00,2023-06-07 00:19:59,1.4071,1.4146,1.3991,1.4199,1.4082555468859972,1.410175,1.3991,1.4199,True,0.023812129154262406,-0.011235369195668383,0,1.3886411663153968,1.391625104026154,-13.405703732515526,-13.405703732515526,1.3029164817495857,1.3032847124044649,4.671904438587137,1.7716363062383034,0,-2
2023-06-07 00:20:00,2023-06-07 00:24:59,1.4146,1.4392,1.4139,1.4398,1.4092152734429986,1.426875,1.4139,1.4398,True,0.023961262786100807,-0.008580458934575232,0,1.3901331351707755,1.3928654223434056,-6.112216053211682,-6.112216053211682,1.3041498998416297,1.3046371033258135,21.649789979680975,8.98823296613194,0,-1
2023-06-07 00:25:00,2023-06-07 00:29:59,1.4391,1.4292,1.4226,1.4527,1.4180451367214992,1.4359000000000002,1.4226,1.4527,True,0.024399744015665033,-0.007293780960264205,0,1.3914992787570906,1.3941371966457123,-3.5835085356578276,-3.5835085356578276,1.3054608461118622,1.3058765351335169,42.81680322893893,23.046165882402363,0,-1
2023-06-07 00:30:00,2023-06-07 00:34:59,1.4294,1.4193,1.4134,1.434,1.4269725683607497,1.424025,1.4134,1.434,True,0.024128333728831813,-0.006930710902522976,0,1.3928182377014013,1.395343535613424,-4.034239910371738,-4.034239910371738,1.3066405889366197,1.3070051268237306,53.48173022611379,39.316107811577915,0,-2
2023-06-07 00:35:00,2023-06-07 00:39:59,1.4194,1.4189,1.412,1.422,1.425498784180375,1.418075,1.412,1.425498784180375,True,0.023119167033915256,-0.006518338723389069,0,1.3940808866574126,1.396449256786196,-4.424873746897184,-4.424873746897184,1.3077493890467031,1.30811850864638,47.869541734569054,48.05602506320727,0,-2
2023-06-07 00:40:00,2023-06-07 00:44:59,1.4192,1.4166,1.4126,1.4245,1.4217868920901875,1.418225,1.4126,1.4245,True,0.022317797960064167,-0.006212249411408289,0,1.3952650717218043,1.397469203597787,-5.278988974593709,-5.278988974593709,1.3088486488571838,1.3091979264707942,37.519159036837344,46.29014366584008,0,-2
2023-06-07 00:45:00,2023-06-07 00:49:59,1.4165,1.4107,1.409,1.4193,1.4200059460450938,1.413875,1.409,1.4200059460450938,True,0.02145938382005958,-0.006225332706873657,0,1.3963671376597955,1.3983847761057269,-7.411905845127791,-7.411905845127791,1.3098936871770128,1.310207897351682,31.696925964815957,39.028542245407465,-1,-2
2023-06-07 00:50:00,2023-06-07 00:54:59,1.4107,1.4145,1.4058,1.4217,1.4169404730225468,1.4131749999999998,1.4058,1.4217,True,0.021062284975769615,-0.005768876784733224,0,1.3973759568827613,1.399207089444872,-7.235760735734807,-7.235760735734807,1.3109213619314704,1.311245629716342,28.77421131582913,32.66343210582749,0,-2
2023-06-07 00:55:00,2023-06-07 00:59:59,1.4146,1.4217,1.4144,1.4285,1.4150577365112733,1.4198,1.4144,1.4285,True,0.020564978906071785,-0.0047867818926371885,0,1.3982915231638167,1.399995791786018,-4.270527094061862,-4.270527094061862,1.3120047314644905,1.312344678176876,34.9648277703252,31.811988350323446,0,-1
2023-06-07 01:00:00,2023-06-07 01:04:59,1.4219,1.4129,1.4089,1.4235,1.4174288682556366,1.4168,1.4089,1.4235,True,0.02013890898420951,-0.004598267074888383,0,1.3991436574749174,1.4007320374248549,-5.402194788524824,-5.402194788524824,1.3130474704548936,1.3133452286427776,43.21068758002162,35.64990888872533,0,-2
2023-06-07 01:05:00,2023-06-07 01:09:59,1.4129,1.4127,1.4087,1.4207,1.4171144341278183,1.41375,1.4087,1.4207,True,0.019557558342480262,-0.004334068338534775,0,1.3999378474498863,1.401401005861436,-6.2257729216045234,-6.2257729216045234,1.314049485674248,1.314333833332899,48.63246379518984,42.269326381845566,0,-2
2023-06-07 01:10:00,2023-06-07 01:14:59,1.4127,1.411,1.409,1.4187,1.415432217063909,1.4128500000000002,1.409,1.4187,True,0.018853447032303104,-0.004128580728946481,0,1.4006694266556612,1.4020062416915302,-7.443131507049522,-7.443131507049522,1.3150325753690315,1.3152956857375468,43.85568646770117,45.23294594763755,0,-2
2023-06-07 01:15:00,2023-06-07 01:19:59,1.4113,1.4194,1.4043,1.4212,1.4141411085319546,1.41405,1.4043,1.4212,True,0.018713915101424308,-0.0032709656658625585,0,1.4013378341735958,1.4025653811070484,-3.8619326614753575,-3.8619326614753575,1.3160178233753097,1.316331549561054,40.26310158708713,44.250417283326065,0,-1
2023-06-07 01:20:00,2023-06-07 01:24:59,1.4191,1.4179,1.4109,1.4228,1.4140955542659772,1.417675,1.4109,1.4228,True,0.018227206879894004,-0.0027037521978555117,0,1.4019516076403222,1.4031092635552382,-2.27463808657086,-0.0,1.3170293375705802,1.3173421809087051,39.87258263013143,41.33045689497326,0,-1
2023-06-07 01:25:00,2023-06-07 01:29:59,1.418,1.4213,1.4119,1.4286,1.4158852771329886,1.41995,1.4119,1.4286,True,0.0181181206741873,-0.00200934468874263,0,1.4025304355977803,1.4036530113931425,0.5696995568162819,0.0,1.3180534237639077,1.3183765870688176,43.10427202339857,41.07998541353907,0,-1
2023-06-07 01:30:00,2023-06-07 01:34:59,1.4213,1.414,1.4104,1.426,1.4179176385664944,1.417925,1.4104,1.426,True,0.01793825491174534,-0.0019943135413181055,0,1.4030917234954614,1.404179028909481,-1.6497117497866327,-0.0,1.3190471707911324,1.3193280638144014,40.939891623313706,41.30558209228126,0,-2
2023-06-07 01:35:00,2023-06-07 01:39:59,1.414,1.4068,1.4056,1.4166,1.4179213192832472,1.41075,1.4056,1.4179213192832472,True,0.017442665275192108,-0.0024090817118384952,0,1.4036353762024714,1.4046382500490378,-6.14741456878069,-6.14741456878069,1.3199596367534097,1.3201984313386361,27.465651964538903,37.16993853708375,0,-2
2023-06-07 01:40:00,2023-06-07 01:44:59,1.407,1.3999,1.3932,1.411,1.4143356596416234,1.402775,1.3932,1.4143356596416234,True,0.01746818918410696,-0.003058601430938865,0,1.4041368131257548,1.4049870142048875,-11.372944240657972,-11.372944240657972,1.3207836702185498,1.3209914817730775,11.360488412610541,26.58867733348774,0,-2
2023-06-07 01:45:00,2023-06-07 01:49:59,1.3999,1.3985,1.3946,1.4065,1.4085553298208118,1.399875,1.3946,1.4085553298208118,True,0.01707046138524218,-0.0034485966104986577,0,1.4045619136653213,1.4052265248236104,-15.275395636653428,-15.275395636653428,1.3215706486243355,1.3217627108101613,8.526512829121202e-14,12.942046792383202,0,-2
2023-06-07 01:50:00,2023-06-07 01:54:59,1.3986,1.3987,1.3899,1.4045,1.404215164910406,1.3979249999999999,1.3899,1.4045,True,0.016893999857724894,-0.0035379465954356545,0,1.404894219244466,1.405364996992906,-17.692244513020412,-17.692244513020412,1.322330393414143,1.3225282559762293,8.526512829121202e-14,3.786829470870263,0,-2
2023-06-07 01:55:00,2023-06-07 01:59:59,1.3987,1.4013,1.3954,1.4031,1.401070082455203,1.399625,1.3954,1.4031,True,0.01623728558217312,-0.003258560958736952,0,1.4051296081186861,1.4054346346219544,-16.745401471697377,-16.745401471697377,1.3230994939771863,1.323312054424227,3.9445902659540377,1.3148634219847615,0,-1
2023-06-07 02:00:00,2023-06-07 02:04:59,1.4013,1.3842,1.3721,1.403,1.4003475412276014,1.3901500000000002,1.3721,1.403,True,0.017284622326303605,-0.004098857343071455,0,1.4052821213703204,1.4053845919688588,-21.445868080859032,-21.445868080859032,1.3237666631913436,1.323917904628961,3.9445902659540377,2.6297268439694124,0,-2
2023-06-07 02:05:00,2023-06-07 02:09:59,1.3842,1.3888,1.3827,1.3926,1.3952487706138008,1.387075,1.3827,1.3952487706138008,True,0.016757149302996207,-0.004130642825229179,0,1.4053333566695896,1.4052195697636336,-21.12774939036309,-21.12774939036309,1.3243965968909321,1.3245634976177276,3.9445902659540377,3.9445902659540635,0,-2
2023-06-07 02:10:00,2023-06-07 02:14:59,1.3887,1.3976,1.388,1.3999,1.3911618853069005,1.3935499999999998,1.388,1.3999,True,0.016410210067067908,-0.0033435302488621123,0,1.4052764632166117,1.4050095809621705,-15.576502548057505,-15.576502548057505,1.3250846904542064,1.3252902289847155,11.165763947568422,6.351648159825525,0,-1
2023-06-07 02:15:00,2023-06-07 02:19:59,1.3976,1.3913,1.3889,1.3995,1.3923559426534502,1.3943249999999998,1.3889,1.3995,True,0.01599519506227734,-0.003092284504209777,0,1.4051430220893912,1.404770947713937,-14.354188078454655,-14.354188078454655,1.3257736487581446,1.3259470426266586,23.629565801682304,12.913306671734949,0,-1
2023-06-07 02:20:00,2023-06-07 02:24:59,1.3912,1.3879,1.3815,1.3912,1.393340471326725,1.38795,1.3815,1.393340471326725,True,0.015552681129257532,-0.0029948677209172755,0,1.404956984901664,1.4044676604895887,-14.753824926814566,-14.753824926814566,1.326392318919755,1.3265634899637069,29.421765662142857,21.405698470464554,0,-2
2023-06-07 02:25:00,2023-06-07 02:29:59,1.3879,1.3926,1.3854,1.3933,1.3906452356633625,1.3898,1.3854,1.3933,True,0.015006061048596281,-0.002440961733572772,0,1.4047123226956264,1.404128244575465,-12.027860030109267,-12.027860030109267,1.3270232411195586,1.3272205696655606,27.37509640815146,26.8088092906589,0,-1
2023-06-07 02:30:00,2023-06-07 02:34:59,1.3928,1.3877,1.3837,1.3959,1.3902226178316812,1.390025,1.3837,1.3959,True,0.014805628116553688,-0.0022710912206996125,0,1.4044202836355457,1.40376425678321,-12.327725102421276,-12.327725102421276,1.3276501242924983,1.3278223550420227,24.452661940655474,27.083174670316623,0,-1
2023-06-07 02:35:00,2023-06-07 02:39:59,1.3873,1.3974,1.387,1.398,1.3901238089158405,1.3924249999999998,1.387,1.398,True,0.014533797536799845,-0.0013522874764369738,0,1.4040922702093779,1.403399887274157,-7.118752839598933,-7.118752839598933,1.328294650418941,1.3285146699172266,34.007845967799064,28.611868105535354,0,-1
2023-06-07 02:40:00,2023-06-07 02:44:59,1.3974,1.3939,1.3917,1.399,1.3912744044579202,1.3955,1.3917,1.399,True,0.01401709771274272,-0.0008934629254162274,0,1.4037460787417675,1.4030588149692653,-5.430523181033131,-0.0,1.3289633603650213,1.3291652702165577,54.82948215420917,37.76333002088793,0,-1
2023-06-07 02:45:00,2023-06-07 02:49:59,1.394,1.3931,1.3872,1.394,1.39338720222896,1.392075,1.3872,1.394,True,0.01350159073326109,-0.0005660277176630533,0,1.4034024468555164,1.4027149256934122,-4.733514902428951,-0.0,1.3295913368788022,1.3298014366820645,70.70145148808967,53.17959320336599,0,-1
2023-06-07 02:50:00,2023-06-07 02:54:59,1.3931,1.3973,1.3891,1.4065,1.3927311011144798,1.3965,1.3891,1.4065,True,0.013780048538028162,5.540354694897644e-06,0,1.4030586862744643,1.402401538248489,-1.6997031404722023,-0.0,1.3302570947208041,1.3304730641777653,88.68740093381886,71.4061115253726,0,-1
2023-06-07 02:55:00,2023-06-07 02:59:59,1.3972,1.3994,1.392,1.3998,1.39461555055724,1.3970999999999998,1.392,1.3998,True,0.013352902213883296,0.0005652765120145349,0,1.4027301122614766,1.4021184319187912,1.5363700574256143,0.0,1.3309221982559205,1.3311589043352006,92.08000338716515,83.82295193635792,0,-1
2023-06-07 03:00:00,2023-06-07 03:04:59,1.3995,1.3945,1.394,1.4023,1.3958577752786199,1.397575,1.394,1.4023,True,0.01299198062717736,0.0006113090624877329,0,1.4024242720901339,1.4018643675397064,0.16300619048276133,0.0,1.3315854102135731,1.3317891639935568,100.00000000000007,93.58913477366139,0,-1
2023-06-07 03:05:00,2023-06-07 03:09:59,1.3948,1.3955,1.39,1.3979,1.39671638763931,1.39455,1.39,1.3979,True,0.012628267725236121,0.0007267231109007993,0,1.4021443198149202,1.4016141565274274,-0.00230905557595662,-0.0,1.3322119235447814,1.3324231026602875,93.31779724099208,95.13260020938579,0,-1
2023-06-07 03:10:00,2023-06-07 03:14:59,1.3955,1.3979,1.3938,1.4033,1.3956331938196551,1.397625,1.3938,1.4033,True,0.012404820030576403,0.0009766260797092075,0,1.4018792381711738,1.4013897937817228,1.7287597497109672,0.0,1.3328627999274203,1.333074614076603,93.31779724099208,95.54519816066143,0,-1
2023-06-07 03:15:00,2023-06-07 03:19:59,1.3979,1.3957,1.3927,1.3985,1.3966290969098276,1.3961999999999999,1.3927,1.3985,True,0.011933047171249518,0.0009852370562799875,0,1.4016345159764483,1.4011775439096725,0.90114125584779,0.0,1.3334930208236648,1.333697752244995,89.2287159333802,91.95477013845482,0,-1
2023-06-07 03:20:00,2023-06-07 03:24:59,1.3957,1.4038,1.3935,1.4067,1.3964145484549138,1.3999249999999999,1.3935,1.4067,True,0.012023543801874561,0.0015421359220948285,0,1.4014060299430604,1.4010018443094843,5.804669889120767,5.804669889120767,1.3341540355418373,1.3343952870485274,95.9109186923882,92.81914395558685,0,-1
2023-06-07 03:25:00,2023-06-07 03:29:59,1.4037,1.4138,1.4014,1.415,1.3981697742274568,1.408475,1.4014,1.415,True,0.012136147816026382,0.0025562840114337826,0,1.4012039371262723,1.400914788574108,12.779329729942063,12.779329729942063,1.3348935476259982,1.3351853836948107,95.9109186923882,93.68351777271887,0,-1
2023-06-07 03:30:00,2023-06-07 03:34:59,1.4138,1.4098,1.4038,1.4143,1.4033223871137284,1.4104249999999998,1.4038,1.4143,True,0.012019280114881637,0.0028563510167686594,0,1.4010593628501902,1.400911499145576,13.993485447098287,13.993485447098287,1.335645104366038,1.335927817687897,100.00000000000007,97.2739457949255,0,-1
2023-06-07 03:35:00,2023-06-07 03:39:59,1.4098,1.4069,1.405,1.4118,1.406873693556864,1.408375,1.405,1.4118,True,0.011646474392390086,0.0027520354867088897,0,1.400985430997883,1.4009601169083916,12.48618897688987,12.48618897688987,1.3363687849196098,1.3366340085566741,96.27063490186474,97.39385119808435,1,-1
2023-06-07 03:40:00,2023-06-07 03:44:59,1.4069,1.403,1.4022,1.4105,1.407624346778432,1.4056499999999998,1.4022,1.4105,True,0.01140744050721938,0.0023178932751366575,0,1.4009727739531372,1.4010305716004994,8.61741506732006,8.61741506732006,1.3370581502437928,1.3372943666804884,86.60454294858941,94.29172595015143,0,-2
2023-06-07 03:45:00,2023-06-07 03:49:59,1.403,1.4046,1.403,1.4132,1.4066371733892158,1.4059499999999998,1.403,1.4132,True,0.01132119475670371,0.00206335865811838,0,1.4010016727768182,1.4011197935855344,7.125425552658179,7.125425552658179,1.3377436412861432,1.3379640744747123,77.18021616463857,86.68513133836427,0,-1
2023-06-07 03:50:00,2023-06-07 03:54:59,1.4046,1.4066,1.4045,1.4151,1.4062935866946078,1.4077,1.4045,1.4151,True,0.011269680845510584,0.001960433756615498,0,1.4010607331811762,1.4012351858956356,7.515364839406558,7.515364839406558,1.3384397244574253,1.3386470190073023,74.7147229712307,79.49982736148625,0,-1
2023-06-07 03:55:00,2023-06-07 03:59:59,1.4065,1.4068,1.4014,1.4085,1.4069967933473038,1.4058,1.4014,1.4085,True,0.010971846499402693,0.0018335210157309051,0,1.4011479595384058,1.4013573545521603,7.92480172799101,7.92480172799101,1.3391099759553613,1.3393251581216574,71.91378735806985,74.60290883131306,0,-1
2023-06-07 04:00:00,2023-06-07 04:04:59,1.4067,1.4145,1.4058,1.4146,1.406398396673652,1.4104,1.4058,1.4146,True,0.010816714606588226,0.002208089736011352,0,1.401252657045283,1.401515580958912,12.76199510782007,12.76199510782007,1.3398193294284422,1.3400731664985563,78.95978257602485,75.19609763510847,0,-1
2023-06-07 04:05:00,2023-06-07 04:09:59,1.4145,1.4116,1.4041,1.4169,1.408399198336826,1.411775,1.4041,1.4169,True,0.01095837784897479,0.0021596020139693804,0,1.4013841190020975,1.401710544246842,12.837407882438143,12.837407882438143,1.3405353062500498,1.3407848762846404,85.15464086756806,78.67607026722094,0,-1
2023-06-07 04:10:00,2023-06-07 04:14:59,1.4115,1.414,1.41,1.4155,1.410087099168413,1.41275,1.41,1.4155,True,0.010568493716905167,0.00219967504161326,0,1.4015473316244698,1.401939782621066,14.302510988963846,14.302510988963846,1.341253860416716,1.3415133849783256,97.62166843400422,87.24536395919905,0,-1
2023-06-07 04:15:00,2023-06-07 04:19:59,1.4139,1.4065,1.4057,1.4155,1.4114185495842064,1.4104,1.4057,1.4155,True,0.0105136013085548,0.0016127576587652574,0,1.4017435571227679,1.4021783096935954,8.539783205668968,8.539783205668968,1.3419418817061017,1.342160017963616,92.12598825870474,91.63409918675903,0,-2
2023-06-07 04:20:00,2023-06-07 04:24:59,1.4068,1.3995,1.3821,1.4068,1.4109092747921033,1.3988,1.3821,1.4109092747921033,True,0.011526915500800882,0.0006784758152069028,0,1.4019609334081817,1.4023429249380492,0.7495434835444499,0.0,1.3425076341269366,1.342730565048555,58.7926549253714,82.84677053936015,0,-2
2023-06-07 04:25:00,2023-06-07 04:29:59,1.3995,1.3938,1.3911,1.4046,1.4048546373960518,1.39725,1.3911,1.4048546373960518,True,0.011667850107886539,-0.00035040529620259146,0,1.4021519291731155,1.4024375847964576,-6.759890339420863,-6.759890339420863,1.3430523342848775,1.3432387186301615,25.459321592038066,58.79265492537143,0,-2
2023-06-07 04:30:00,2023-06-07 04:34:59,1.3937,1.389,1.3881,1.402,1.401052318698026,1.3932,1.3881,1.402,True,0.011827289385894644,-0.0013319666920348608,0,1.4022947569847866,1.4024487315131362,-13.331637623041573,-13.331637623041573,1.3435513160332866,1.3436940547631948,5.210646728907401e-14,28.083992172469866,-1,-2
2023-06-07 04:35:00,2023-06-07 04:39:59,1.3891,1.3896,1.3878,1.394,1.397126159349013,1.3901249999999998,1.3878,1.397126159349013,True,0.011425340144045027,-0.001866403985914664,0,1.4023717442489614,1.4023729534975322,-17.09197763934676,-17.09197763934676,1.344014735774249,1.3441508303376903,5.210646728907401e-14,8.486440530679419,0,-2
2023-06-07 04:40:00,2023-06-07 04:44:59,1.3896,1.3865,1.3769,1.3911,1.3936255796745063,1.386025,1.3769,1.3936255796745063,True,0.011623530133756096,-0.00233843381213587,0,1.402372348873247,1.4022011285864648,-20.709028085775778,-20.709028085775778,1.3444327483536096,1.3445722151104496,5.210646728907401e-14,8.013343075516686e-14,0,-2
2023-06-07 04:45:00,2023-06-07 04:49:59,1.3864,1.3881,1.3862,1.3917,1.3898252898372532,1.3881000000000001,1.3862,1.3917,True,0.011186135124202079,-0.0024228185588044708,0,1.4022867387298559,1.4019691008874497,-21.168043121240302,-21.168043121240302,1.3448672483699915,1.3450053273979077,3.597933228512695,1.199311076170961,0,-2
2023-06-07 04:50:00,2023-06-07 04:54:59,1.3883,1.3854,1.3812,1.3921,1.3889626449186268,1.38675,1.3812,1.3921,True,0.011165696901044781,-0.0025436917126647773,0,1.4021279198086527,1.4016820046311929,-22.70293462224769,-22.70293462224769,1.345283992167305,1.3454072644387245,5.887221361829753,3.161718196780862,0,-2
2023-06-07 04:55:00,2023-06-07 04:59:59,1.3853,1.3859,1.384,1.3887,1.3878563224593132,1.385975,1.384,1.3887,True,0.010703861408113023,-0.0024591472433482604,0,1.4019049622199227,1.4013482049739945,-23.00603953292359,-23.00603953292359,1.3456888778173814,1.345810177230379,7.40621149455228,5.630455361631604,0,-2
2023-06-07 05:00:00,2023-06-07 05:04:59,1.3859,1.3852,1.3822,1.3897,1.3869156612296565,1.3857499999999998,1.3822,1.3897,True,0.010475014164676366,-0.0023238606464967065,0,1.4016265835969586,1.400978381882142,-23.61018272737699,-23.61018272737699,1.3460874959485518,1.3462021157654,5.092182697339557,6.1285385179072245,0,-2
2023-06-07 05:05:00,2023-06-07 05:09:59,1.3852,1.3897,1.3834,1.3939,1.3863328306148281,1.3880499999999998,1.3834,1.3939,True,0.010476798867199478,-0.0018014763161970974,0,1.4013024827395502,1.400598515112521,-17.511225837006513,-17.511225837006513,1.3465050333022976,1.3466349305339036,8.790050135130379,7.096148109007434,0,-1
2023-06-07 05:10:00,2023-06-07 05:14:59,1.3899,1.3969,1.3899,1.4028,1.3871914153074139,1.394875,1.3899,1.4028,True,0.010664170376685237,-0.0008641913986673841,0,1.4009504989260355,1.4002601739329226,-7.294878536411176,-0.0,1.3469863265032698,1.3471350804788398,25.160843458488518,13.014358763652845,0,-1
2023-06-07 05:15:00,2023-06-07 05:19:59,1.3969,1.3906,1.389,1.3971,1.3910332076537069,1.3934,1.389,1.3971,True,0.010481015349779148,-0.0006250460914074942,0,1.400605336429479,1.3999467274540762,-5.943262344601571,-0.0,1.347448154100252,1.3475675672402443,39.71427464884852,24.5550560808225,0,-1
2023-06-07 05:20:00,2023-06-07 05:24:59,1.3904,1.3947,1.389,1.3954,1.3922166038268533,1.392375,1.389,1.3954,True,0.010189514253366349,-0.0001338432094949082,0,1.4002760319417775,1.399647998734339,-2.0527049178143884,-0.0,1.347895187392787,1.3480365466706896,50.23387409074044,38.369664066025855,0,-1
2023-06-07 05:25:00,2023-06-07 05:29:59,1.3946,1.3985,1.3931,1.3999,1.3922958019134266,1.3965249999999998,1.3931,1.3999,True,0.009947406092411603,0.0004779156944903669,0,1.399962015338058,1.3993913804199365,2.8695404211445137,0.0,1.348379066125197,1.348538670584414,65.67742396799311,51.875190902527386,0,-1
2023-06-07 05:30:00,2023-06-07 05:34:59,1.3985,1.3934,1.3914,1.3999,1.3944104009567133,1.3958,1.3914,1.3999,True,0.009844019942953627,0.000529085046127223,0,1.3996766978789972,1.3991647023273284,1.9150924132291038,0.0,1.3488509162135036,1.3489850519716338,81.37290715298256,65.76140173723873,0,-1
2023-06-07 05:35:00,2023-06-07 05:39:59,1.3933,1.3995,1.392,1.3997,1.3951052004783566,1.3961249999999998,1.392,1.3997,True,0.009690875661314087,0.0009826548794849657,0,1.3994207001031627,1.3989653814803018,5.033463072958092,5.033463072958092,1.3493213051069015,1.3494876882704234,97.26164321506333,81.4373247786797,0,-1
2023-06-07 05:40:00,2023-06-07 05:44:59,1.3996,1.406,1.3991,1.4074,1.3956151002391781,1.403025,1.3991,1.4074,True,0.00959152739979165,0.0017018488197234468,0,1.3991930407917321,1.3988363080760027,9.999838948199177,9.999838948199177,1.349855670230216,1.3500499998299218,97.26164321506333,91.96539786103644,0,-1
2023-06-07 05:45:00,2023-06-07 05:49:59,1.4059,1.4019,1.4015,1.4059,1.399320050119589,1.4038,1.4015,1.4059,True,0.0092278468712351,0.001830850864694155,0,1.3990146744338672,1.398768743882388,9.93572054664422,9.93572054664422,1.3503924297304128,1.350565920229624,99.0621577417473,97.861814723958,0,-1
2023-06-07 05:50:00,2023-06-07 05:54:59,1.402,1.411,1.4008,1.4147,1.4015600250597946,1.407125,1.4008,1.4147,True,0.009561572094718307,0.0024746375665999215,0,1.3988917091581274,1.3987728829211552,13.62151484828616,13.62151484828616,1.350956932917175,1.3511672543566924,100.00000000000007,98.77460031893692,1,2
2023-06-07 05:55:00,2023-06-07 05:59:59,1.411,1.415,1.4087,1.4248,1.4043425125298974,1.414875,1.4087,1.4248,True,0.010028602659381285,0.0030685890885501334,0,1.3988322960396413,1.3988866192626812,17.316391353226223,17.316391353226223,1.3515929335846657,1.3518024060546356,100.00000000000007,99.68738591391583,0,2
2023-06-07 06:00:00,2023-06-07 06:04:59,1.415,1.4189,1.4085,1.4246,1.4096087562649489,1.41675,1.4085,1.4246,True,0.010462273897996907,0.0035917863456764376,0,1.3988594576511613,1.399098726473161,20.877885513338626,20.877885513338626,1.3522412626037237,1.3524700438053359,100.00000000000007,100.0000000000001,0,2
2023-06-07 06:05:00,2023-06-07 06:09:59,1.4189,1.4059,1.4008,1.4215,1.4131793781324744,1.411775,1.4008,1.4215,True,0.011193540048139982,0.0028810270317222546,0,1.398979092062161,1.3993526926888,14.345768333761441,14.345768333761441,1.352833638100204,1.3530016851605067,92.84121147370352,97.61373715790126,0,1
2023-06-07 06:10:00,2023-06-07 06:14:59,1.4058,1.4101,1.4058,1.413,1.4124771890662373,1.4086750000000001,1.4058,1.413,True,0.01090828718755856,0.002579113516876616,0,1.3991658923754804,1.3996166030185138,11.894864871246192,11.894864871246192,1.353389273541993,1.3535698275967205,80.391304415693,91.07750529646557,0,2
2023-06-07 06:15:00,2023-06-07 06:19:59,1.4101,1.4046,1.4037,1.4107,1.4105760945331187,1.407275,1.4037,1.4107,True,0.01062912381701867,0.0018857329727877102,0,1.399391247696997,1.3998769262247994,7.305511824936396,7.305511824936396,1.3539254499246598,1.354077590506206,62.12486628450751,78.45246072463472,0,1
2023-06-07 06:20:00,2023-06-07 06:24:59,1.4045,1.4047,1.402,1.4077,1.4089255472665594,1.404725,1.402,1.4089255472665594,True,0.01027704354437448,0.0013513096342650836,0,1.399634086960898,1.4001151434577084,4.304433829131291,4.304433829131291,1.3544309180846135,1.3545812960733083,46.61857679376278,63.044915831321134,0,1
2023-06-07 06:25:00,2023-06-07 06:29:59,1.4047,1.401,1.3957,1.4051,1.4068252736332796,1.401625,1.3957,1.4068252736332796,True,0.010214397576919165,0.0006808738640350837,0,1.3998746152093031,1.4003130527820211,0.20127369691478947,0.0,1.354900510939493,1.3550431737243203,31.3885330089858,46.710658695752066,0,1
2023-06-07 06:30:00,2023-06-07 06:34:59,1.4011,1.4106,1.4011,1.4141,1.4042251368166396,1.4067249999999998,1.4011,1.4141,True,0.010420512035710646,0.0008634914601091939,0,1.4000938339956621,1.4005128609616635,3.054568582589617,0.0,1.355416177497309,1.3555959779658693,25.37846000523366,34.46185660266078,0,2
2023-06-07 06:35:00,2023-06-07 06:39:59,1.4105,1.4114,1.4091,1.413,1.4054750684083197,1.411,1.4091,1.413,True,0.009954761176017029,0.000984596660598202,0,1.4003033474786628,1.4007421242731715,5.342935613547972,5.342935613547972,1.3559692503580323,1.3561512418667063,30.3240533141456,29.030348776121723,0,2
2023-06-07 06:40:00,2023-06-07 06:44:59,1.4113,1.4134,1.4074,1.4134,1.4082375342041598,1.411375,1.4074,1.4134,True,0.009672278234872956,0.0011411730474944009,0,1.4005227358759171,1.400995577725812,7.9069607961419095,7.9069607961419095,1.3565205513494947,1.3567208812511171,40.84082120091347,32.181111506764275,0,2
2023-06-07 06:45:00,2023-06-07 06:49:59,1.4133,1.4103,1.4073,1.4133,1.40980626710208,1.41105,1.4073,1.4133,True,0.009417115503810603,0.0009620752566437641,0,1.4007591568008646,1.4012641074408358,6.962289775562482,6.962289775562482,1.3570631329281067,1.3572540068108074,47.20018916451775,39.45502122652564,0,1
2023-06-07 06:50:00,2023-06-07 06:54:59,1.4104,1.4147,1.4076,1.4159,1.41042813355104,1.4121499999999998,1.4076,1.4159,True,0.009337321539252699,0.0010867099386159449,0,1.4010116321208501,1.4015502115736533,8.983921536760718,8.983921536760718,1.3576112609586728,1.357825608733088,48.83123750229544,45.62408262257558,0,2
2023-06-07 06:55:00,2023-06-07 06:59:59,1.4149,1.4094,1.4094,1.415,1.4112890667755198,1.412175,1.4094,1.415,True,0.009070370000734653,0.0007352040418861323,0,1.4012809218472517,1.4018483607171672,6.050711736814193,0.0,1.3581541837352034,1.3583387867556442,49.94942192697278,48.66028286459535,0,1
2023-06-07 07:00:00,2023-06-07 07:04:59,1.4095,1.4033,1.4015,1.4131,1.4117320333877599,1.40685,1.4015,1.4131,True,0.00925105785782504,3.558310671086459e-05,0,1.4015646412822094,1.4021174121991642,0.42138470792013294,0.0,1.3586387192204252,1.358786162011807,38.77647280740009,45.8523774122228,0,1
2023-06-07 07:05:00,2023-06-07 07:09:59,1.4033,1.4038,1.4,1.4065,1.40929101669388,1.4034000000000002,1.4,1.40929101669388,True,0.009054553725123263,-0.00040517997150737745,0,1.4018410267406867,1.4023380382393698,-2.902691458491134,-0.0,1.359084105098829,1.3592340608972615,21.531575844418416,36.75249019293046,0,-2
2023-06-07 07:10:00,2023-06-07 07:14:59,1.4038,1.4032,1.4,1.4072,1.40634550834694,1.40355,1.4,1.4072,True,0.00892208560190018,-0.0007335612113949378,0,1.4020895324900282,1.4025200540189529,-5.5171602982428425,-5.5171602982428425,1.3595265518142634,1.3596715329281346,4.7121005251315005,21.67338305898336,0,-2
2023-06-07 07:15:00,2023-06-07 07:19:59,1.4033,1.4033,1.4017,1.4068,1.40494775417347,1.403775,1.4017,1.4068,True,0.008649079487478747,-0.0009253428540785596,0,1.4023047932544905,1.402671966586282,-7.141174623627698,-7.141174623627698,1.359966834880788,1.3601056470283521,1.9167429616784963,9.386806443742831,0,-2
2023-06-07 07:20:00,2023-06-07 07:24:59,1.4034,1.4029,1.4006,1.4038,1.404361377086735,1.402675,1.4006,1.404361377086735,True,0.008259859524087398,-0.001052973021626818,0,1.4024883799203862,1.402791589231323,-8.585991507921591,-8.585991507921591,1.3603917917476458,1.3605314614857815,1.9167429616784963,2.8485288161628577,0,-2
2023-06-07 07:25:00,2023-06-07 07:29:59,1.4028,1.3999,1.399,1.407,1.4035181885433674,1.402175,1.399,1.407,True,0.008241298129509727,-0.0013099635372845813,0,1.4026399845758546,1.4028815385231728,-12.091514113547753,-12.091514113547753,1.3608075450635897,1.3609231882371668,1.447883478974374,1.7604564674438155,0,-2
2023-06-07 07:30:00,2023-06-07 07:34:59,1.4,1.3934,1.3915,1.4022,1.4028465942716837,1.3967749999999999,1.3915,1.4028465942716837,True,0.0084169196916876,-0.0018769124123440722,0,1.4027607615495137,1.4029104588848647,-17.92839149564589,-17.92839149564589,1.361165430187335,1.361246340593016,7.549516567451064e-14,1.1215421468843418,-1,-2
2023-06-07 07:35:00,2023-06-07 07:39:59,1.3931,1.3917,1.391,1.3939,1.3998107971358418,1.3924249999999998,1.391,1.3998107971358418,True,0.008022853999424193,-0.002286596803887843,0,1.4028356102171893,1.4028612866901429,-22.474910997581325,-22.474910997581325,1.3614764706829834,1.3615493620796526,7.549516567451064e-14,0.4826278263248682,0,-2
2023-06-07 07:40:00,2023-06-07 07:44:59,1.3917,1.398,1.3915,1.3995,1.3961178985679208,1.3951749999999998,1.3915,1.3995,True,0.008021221570893893,-0.0020239062516869766,0,1.402848448453666,1.4027698369746404,-17.34905874846263,-17.34905874846263,1.3618117794324065,1.361912054994283,6.311753591043815,2.1039178636813487,0,-1
2023-06-07 07:45:00,2023-06-07 07:49:59,1.3978,1.4014,1.3948,1.402,1.3956464492839604,1.399,1.3948,1.402,True,0.007962562887258606,-0.001533851791258962,0,1.4028091427141534,1.4026719728797619,-10.83561331911347,-10.83561331911347,1.3621818114778552,1.3623049698699616,20.463690078686366,8.925147889910113,0,-1
2023-06-07 07:50:00,2023-06-07 07:54:59,1.4014,1.3989,1.3973,1.4026,1.3973232246419802,1.4000499999999998,1.3973,1.4026,True,0.007772379823882998,-0.0013208692299536346,0,1.4027405577969576,1.402576934267295,-8.677065599188083,-8.677065599188083,1.362558609373598,1.3626690995229969,36.63496528948556,21.13680298640527,0,-1
2023-06-07 07:55:00,2023-06-07 07:59:59,1.3988,1.4018,1.3969,1.4019,1.39868661232099,1.3998499999999998,1.3969,1.4019,True,0.0075743526936056325,-0.000924142380090903,0,1.4026587460321263,1.4024834000302597,-4.542867641524978,-0.0,1.362929667986796,1.3630584617167978,46.14549552242274,34.41471696353158,0,-1
2023-06-07 08:00:00,2023-06-07 08:04:59,1.4018,1.3892,1.3836,1.4028,1.399268306160495,1.39435,1.3836,1.4028,True,0.00840475607263381,-0.0014877797877340757,0,1.4025710730311929,1.4023539560938614,-9.608780993136406,-9.608780993136406,1.3632423081063303,1.363318576525586,39.09019204113087,40.62355095101308,0,-2
2023-06-07 08:05:00,2023-06-07 08:09:59,1.3893,1.3811,1.381,1.3899,1.3968091530802473,1.385325,1.381,1.3968091530802473,True,0.008440130638874246,-0.0023360154606414233,0,1.4024625145625271,1.4021352072239088,-15.528097969672828,-15.528097969672828,1.3634620363838792,1.3634955061123961,22.91891683033168,36.051534797961786,0,-2
2023-06-07 08:10:00,2023-06-07 08:14:59,1.3813,1.3839,1.3777,1.3855,1.3910670765401236,1.3820999999999999,1.3777,1.3910670765401236,True,0.008394407021811802,-0.002578926099392197,0,1.4022988608932179,1.4018255218719298,-17.033420343046316,-17.033420343046316,1.3636474887581689,1.3636985359023226,7.096633006350753,23.035247292604456,0,-2
2023-06-07 08:15:00,2023-06-07 08:19:59,1.384,1.3749,1.3737,1.3849,1.3865835382700618,1.379375,1.3737,1.3865835382700618,True,0.008594806520253823,-0.0032245017468106145,-1,1.4020621913825737,1.4014276699610446,-20.70742945649467,-20.70742945649467,1.3638039814073413,1.3638099932565284,7.815970093361102e-14,10.005183278894194,0,-2
2023-06-07 08:20:00,2023-06-07 08:24:59,1.3749,1.3779,1.3749,1.3811,1.3829792691350309,1.3772,1.3749,1.3829792691350309,True,0.008423748911664263,-0.003273305984239769,0,1.401744930671809,1.4009482107724673,-20.642402748397497,-20.642402748397497,1.3639372751246812,1.3639501923286028,7.815970093361102e-14,2.365544335450327,0,-2
2023-06-07 08:25:00,2023-06-07 08:29:59,1.3778,1.3761,1.3744,1.3797,1.3800896345675153,1.3769999999999998,1.3744,1.3800896345675153,True,0.00820062398940252,-0.0032578867100456037,0,1.4013465707221382,1.4004064189874814,-21.2384698813834,-21.2384698813834,1.3640672524866246,1.3640710859372733,7.815970093361102e-14,1.021405182655144e-13,0,-2
2023-06-07 08:30:00,2023-06-07 08:34:59,1.376,1.376,1.3737,1.378,1.3785448172837576,1.375925,1.3737,1.3785448172837576,True,0.00792200799015948,-0.003079746836222816,0,1.4008764948548098,1.3998118939355801,-21.675530692530554,-21.675530692530554,1.3641852400240713,1.364189781599589,7.815970093361102e-14,1.021405182655144e-13,0,-2
2023-06-07 08:35:00,2023-06-07 08:39:59,1.376,1.3814,1.3759,1.3838,1.3772349086418787,1.3792749999999998,1.3759,1.3838,True,0.007920435990862376,-0.0024222302150385634,0,1.4003441943951949,1.3992029152485046,-16.679561748612393,-16.679561748612393,1.3643353868895034,1.3643610275538218,10.075289040418737,3.3584296801396554,0,-1
2023-06-07 08:40:00,2023-06-07 08:44:59,1.3814,1.3869,1.3792,1.3871,1.3782549543209393,1.38365,1.3792,1.3871,True,0.00791897627722935,-0.0014734912018740743,0,1.3997735548218495,1.3986167525068893,-9.364289700485024,-0.0,1.3645275720945829,1.364585295936371,31.648022844553022,13.907770628323968,0,-1
2023-06-07 08:45:00,2023-06-07 08:49:59,1.3867,1.3793,1.3786,1.387,1.3809524771604695,1.3829000000000002,1.3786,1.387,True,0.007953335114570107,-0.0012749444571768694,0,1.3991951536643692,1.3980474288217624,-9.260155224273376,-0.0,1.3647103823224975,1.3647317109021782,52.043823302336996,31.25571172910294,0,-1
2023-06-07 08:50:00,2023-06-07 08:54:59,1.3793,1.3863,1.3793,1.3866,1.381926238580235,1.3828749999999999,1.3793,1.3866,True,0.007906668320672248,-0.0005671099236387225,0,1.3986212912430658,1.39749509728358,-4.808990801182617,-0.0,1.3648911247869502,1.3649463207439476,62.32295812876038,48.67160142521683,0,-1
2023-06-07 08:55:00,2023-06-07 08:59:59,1.3862,1.383,1.3824,1.3897,1.3824006192901175,1.385325,1.3824,1.3897,True,0.007863334869195649,-0.00026714539070082227,0,1.398058194263323,1.396976742969412,-3.8582523491011855,-0.0,1.3650944469283737,1.3651259593435103,67.70560901836127,60.69079681648625,0,-1
2023-06-07 09:00:00,2023-06-07 09:04:59,1.3831,1.3739,1.3737,1.3838,1.3838628096450587,1.3786249999999998,1.3737,1.3838628096450587,True,0.008023096664253103,-0.0006416272242983408,0,1.3975174686163676,1.3964427264992905,-7.550407029033259,-0.0,1.3652290792972457,1.3652132632306395,63.43759610141268,64.4887210828448,0,-2
2023-06-07 09:05:00,2023-06-07 09:09:59,1.3738,1.3632,1.3589,1.3749,1.3812439048225293,1.3677000000000001,1.3589,1.3812439048225293,True,0.00859287547394931,-0.0015440125411605929,0,1.3969800975578293,1.395825085906181,-13.237455708740058,-13.237455708740058,1.365253665572895,1.3651932307606829,47.51227016554355,59.55182509510587,0,-2
2023-06-07 09:10:00,2023-06-07 09:14:59,1.363,1.3677,1.3623,1.3685,1.3744719524112647,1.365375,1.3623,1.3744719524112647,True,0.008421955797238643,-0.0017023818100522833,0,1.396402591732005,1.3951298931517007,-13.98847439791313,-13.98847439791313,1.3652548728806275,1.3652181737381885,22.432680538732004,44.46084893522945,0,-2
2023-06-07 09:15:00,2023-06-07 09:19:59,1.3677,1.3696,1.3675,1.3719,1.3699234762056323,1.369175,1.3675,1.3719,True,0.008134673240293022,-0.0015481177863708555,0,1.3957662424418529,1.3944044848379558,-13.215889586502783,-13.215889586502783,1.3652938791206213,1.3652617739995,19.539807197114943,29.82825263379687,0,-1
2023-06-07 09:20:00,2023-06-07 09:24:59,1.3696,1.3644,1.3619,1.3709,1.3695492381028163,1.3667,1.3619,1.3709,True,0.008196482294557798,-0.0016829825120867926,0,1.3950853636399043,1.3936432835423112,-14.754773286038883,-14.754773286038883,1.3653078703731525,1.3652531991338335,25.130734355365803,22.367740697070957,0,-2
2023-06-07 09:25:00,2023-06-07 09:29:59,1.3643,1.366,1.3642,1.3678,1.3681246190514083,1.365575,1.3642,1.3681246190514083,True,0.0078681621306608,-0.001529689233381884,0,1.3943643235911078,1.3928514061343007,-14.51377185766642,-14.51377185766642,1.3653105283793898,1.3652606299882233,31.824578215061294,25.498373255847387,0,-1
2023-06-07 09:30:00,2023-06-07 09:34:59,1.366,1.3678,1.3651,1.3694,1.366849809525704,1.367075,1.3651,1.3694,True,0.007613293407042169,-0.0011807638015020154,0,1.3936078648627044,1.3920511019236421,-12.8521285898358,-12.8521285898358,1.3653280853109382,1.3652858973515245,31.89783326813327,29.617715279520166,0,-1
2023-06-07 09:35:00,2023-06-07 09:39:59,1.3678,1.3695,1.3648,1.3695,1.3669624047628521,1.3679000000000001,1.3648,1.3695,True,0.007405201020824865,-0.000725951598875705,0,1.3928294833931734,1.3912553145473354,-10.279627445906492,-10.279627445906492,1.3653536765018741,1.365327828721161,37.83655694305904,33.85298947541791,0,-1
2023-06-07 09:40:00,2023-06-07 09:44:59,1.3695,1.3651,1.3624,1.3703,1.3674312023814261,1.366825,1.3624,1.3703,True,0.0074405438050516625,-0.0006402009844255901,0,1.3920423989702544,1.3904611676109475,-11.353850363206348,-11.353850363206348,1.3653683165366812,1.3653255617687117,42.32877414819277,37.35438811979507,0,-1
2023-06-07 09:45:00,2023-06-07 09:49:59,1.3651,1.3613,1.3571,1.3651,1.367128101190713,1.36215,1.3571,1.367128101190713,True,0.007480504961833687,-0.0007547219288824743,0,1.3912517832906008,1.389641685425277,-14.04062577895975,-14.04062577895975,1.365336293486565,1.3652855064277294,34.60162309190219,38.25565139438471,0,-2
2023-06-07 09:50:00,2023-06-07 09:54:59,1.3614,1.3669,1.3613,1.3675,1.3646390505953565,1.364275,1.3613,1.3675,True,0.007389040321702708,-0.0003477791826059923,0,1.390446734357939,1.3888224588988212,-10.679754698951456,-10.679754698951456,1.3653257333523703,1.3653015710403889,31.913733092377882,36.28137677749099,0,-1
2023-06-07 09:55:00,2023-06-07 09:59:59,1.3668,1.3654,1.363,1.3674,1.3644570252976782,1.36565,1.363,1.3674,True,0.0071755374415810825,-0.00010825443601883943,0,1.38963459662838,1.388018488382117,-9.464235223822456,-0.0,1.3653289598861775,1.3653025504330218,37.00774216325393,34.50769944917804,0,-1
2023-06-07 10:00:00,2023-06-07 10:04:59,1.3654,1.3652,1.3608,1.3669,1.365053512648839,1.364575,1.3608,1.3669,True,0.007098713338611005,0.00010159487551219745,0,1.3888265425052484,1.3872246694786938,-8.805326013219492,-0.0,1.365321457797758,1.3653015300307032,47.53100749161666,38.81749424908287,0,-1
2023-06-07 10:05:00,2023-06-07 10:09:59,1.3652,1.3631,1.3613,1.3657,1.3648142563244194,1.3638249999999998,1.3613,1.3657,True,0.006905948100138787,0.00015238472055338625,0,1.3880256059919711,1.3864391436560763,-10.032032477947148,-0.0,1.365306567670417,1.3652796242592533,60.11422679225697,48.21765881570923,0,-1
2023-06-07 10:10:00,2023-06-07 10:14:59,1.3629,1.3598,1.358,1.3631,1.3643196281622096,1.36095,1.358,1.3643196281622096,True,0.006776951807271723,1.552288528600121e-05,0,1.3872323748240236,1.3856458110193597,-13.1190063763839,-13.1190063763839,1.365263218738373,1.365225100634783,58.8863194488621,55.51051791091195,0,-2
2023-06-07 10:15:00,2023-06-07 10:19:59,1.3599,1.3545,1.35,1.3605,1.3626348140811049,1.3562250000000002,1.35,1.3626348140811049,True,0.007042883821038025,-0.0003736848892755603,0,1.3864390929216917,1.3848193566036988,-17.82916172318413,-17.82916172318413,1.3651732862136132,1.3651183832155316,45.60871813454932,54.869754791889505,0,-2
2023-06-07 10:20:00,2023-06-07 10:24:59,1.3546,1.355,1.3519,1.3571,1.3594299070405524,1.3546500000000001,1.3519,1.3594299070405524,True,0.006911249262392442,-0.0005102430201976912,0,1.3856292247626951,1.3839616893597826,-20.235463668469276,-20.235463668469276,1.3650685768980548,1.3650177027855264,19.754640069283777,41.41655921756511,0,-2
2023-06-07 10:25:00,2023-06-07 10:29:59,1.355,1.3554,1.3532,1.3556,1.3570399535202764,1.3548,1.3532,1.3570399535202764,True,0.006589017172221551,-0.0004833483339740704,0,1.3847954570612386,1.3830863617055857,-21.173514530691268,-21.173514530691268,1.3649664020035468,1.364922004250347,3.9967805898071576,23.120046264546797,0,-1
2023-06-07 10:30:00,2023-06-07 10:34:59,1.3553,1.3564,1.3548,1.3573,1.3559199767601382,1.35595,1.3548,1.3573,True,0.006296944517062865,-0.00031005191705211696,0,1.383940909383412,1.3822110257877493,-19.997549866318888,-19.997549866318888,1.3648766865607254,1.3648372081881543,11.615731580658403,11.789050746583158,0,-1
2023-06-07 10:35:00,2023-06-07 10:39:59,1.3564,1.3466,1.3432,1.3564,1.355934988380069,1.3506500000000001,1.3432,1.3564,True,0.00679001990870124,-0.000789948176362007,0,1.3830759675855806,1.381305325462813,-24.23100561931961,-24.23100561931961,1.3647351274904693,1.3646557434300632,11.615731580658403,9.076081250374699,0,-2
2023-06-07 10:40:00,2023-06-07 10:44:59,1.3466,1.3504,1.3465,1.3543,1.3532924941900346,1.34945,1.3465,1.3543,True,0.006862161343794011,-0.0007367459940070265,0,1.3821906465241967,1.380373699817878,-22.147863884572196,-22.147863884572196,1.3645830366696687,1.3645138952367293,10.445633200900991,11.225698787405976,0,-1
2023-06-07 10:45:00,2023-06-07 10:49:59,1.3503,1.3433,1.3415,1.3508,1.3513712470950172,1.3464749999999999,1.3415,1.3513712470950172,True,0.007036292676380159,-0.0010874937400136894,0,1.3812821731710372,1.3794076432650535,-23.802967939222338,-23.802967939222338,1.3644028572003188,1.3643028117020355,8.171241461241152e-14,7.3537882605198694,0,-2
2023-06-07 10:50:00,2023-06-07 10:54:59,1.3432,1.3428,1.3414,1.346,1.3489231235475085,1.34335,1.3414,1.3489231235475085,True,0.006862271770924445,-0.0012293126939811917,0,1.3803449082180452,1.3783996663683011,-25.085910574681616,-25.085910574681616,1.3641933760341465,1.3640888533766422,8.171241461241152e-14,3.481877733633762,0,-2
2023-06-07 10:55:00,2023-06-07 10:59:59,1.3428,1.3441,1.3428,1.3468,1.3461365617737542,1.344125,1.3428,1.3468,True,0.006657823787286985,-0.0011042497939478778,0,1.379372287293173,1.3773709184076106,-24.170650702473207,-24.170650702473207,1.3639936907004733,1.363889959313193,4.021838611508185,1.3406128705028266,0,-1
2023-06-07 11:00:00,2023-06-07 11:04:59,1.3441,1.3424,1.3424,1.3476,1.345130780886877,1.344125,1.3424,1.3476,True,0.006553693516766477,-0.0010161661033390966,0,1.3783716028503918,1.376332875547255,-24.454222052990644,-24.454222052990644,1.3637959922855432,1.3636761288722656,8.043677223016275,4.021838611508224,0,-1
2023-06-07 11:05:00,2023-06-07 11:09:59,1.3425,1.3431,1.34,1.3446,1.3446278904434386,1.34255,1.34,1.3446278904434386,True,0.006414143979854582,-0.0007897149063150061,0,1.3773522391988233,1.3752838306500128,-23.500234074290148,-23.500234074290148,1.3635845893772294,1.3634713912715466,9.827314399728587,7.297610078084393,0,-1
2023-06-07 11:10:00,2023-06-07 11:14:59,1.3431,1.3544,1.343,1.3613,1.3435889452217191,1.35045,1.343,1.3613,True,0.007263133695579253,0.00024417439606217936,0,1.376318034924418,1.3742875237367465,-11.657214162676262,-0.0,1.3634538969456151,1.3633811286718298,39.13880912155381,19.003266914766268,0,-1
2023-06-07 11:15:00,2023-06-07 11:19:59,1.3546,1.3507,1.3501,1.357,1.3470194726108595,1.3531000000000002,1.3501,1.357,True,0.007237195574466442,0.0007247075506978083,0,1.375302779330582,1.373357755352293,-6.98278084120323,-0.0,1.36335087309541,1.3632549482870355,68.45030384337906,39.13880912155386,0,-1
2023-06-07 11:20:00,2023-06-07 11:24:59,1.3504,1.3543,1.3497,1.3548,1.3500597363054299,1.3522999999999998,1.3497,1.3548,True,0.0070845387477188465,0.0013252922909515932,0,1.3743302673414375,1.372481263568634,-1.4230062847926277,-0.0,1.3632409141591373,1.3631658443239805,98.57054805444535,68.71988700645944,0,-1
2023-06-07 11:25:00,2023-06-07 11:29:59,1.3542,1.3468,1.3467,1.3543,1.3511798681527147,1.3505,1.3467,1.3543,True,0.007121357408596075,0.0012132224275432403,0,1.3734057654550358,1.3716403805789703,-3.245125516564876,-0.0,1.3631141388938723,1.3630030001018514,93.93820102761107,86.98635097514521,0,-1
2023-06-07 11:30:00,2023-06-07 11:34:59,1.3467,1.3491,1.3414,1.3494,1.3508399340763573,1.3466500000000001,1.3414,1.3508399340763573,True,0.007184117593696355,0.0013154504837528808,0,1.372523073017003,1.37080688690046,-2.700855077130811,-0.0,1.3629503166163213,1.3628646617923803,83.08509085299652,91.86461331168437,0,-1
2023-06-07 11:35:00,2023-06-07 11:39:59,1.3491,1.3488,1.347,1.35,1.3487449670381788,1.348725,1.347,1.35,True,0.006885252051289481,0.0013712054854957516,0,1.3716649799587315,1.369999166238302,-2.568835973332078,-0.0,1.3628087711773529,1.362724714908874,79.3579364687501,85.46040944978596,0,-1
2023-06-07 11:40:00,2023-06-07 11:44:59,1.3489,1.3545,1.3475,1.3565,1.3487349835190894,1.3518500000000002,1.3475,1.3565,True,0.007036305476197384,0.001803600817683923,0,1.3708320730985166,1.3692387194992217,1.8085105299378483,0.0,1.3626997286780758,1.3626428769495817,83.99028349558438,82.14443693911039,0,-1
2023-06-07 11:45:00,2023-06-07 11:49:59,1.3545,1.3605,1.3519,1.3613,1.3502924917595447,1.35705,1.3519,1.3613,True,0.007205140799326132,0.0024777187595104947,0,1.3700353962988692,1.3685563868555946,7.843361918489869,7.843361918489869,1.3626435124723237,1.3626215547908795,94.84339367019895,86.0638712115112,0,2
2023-06-07 11:50:00,2023-06-07 11:54:59,1.3605,1.37,1.3574,1.3712,1.3536712458797724,1.364775,1.3574,1.3712,True,0.007676202170802839,0.003513805993185199,1,1.3692958915772317,1.3679932372314998,14.98123573296796,14.98123573296796,1.3626647213034448,1.3626949721561443,100.00000000000007,92.9445590552612,0,2
2023-06-07 11:55:00,2023-06-07 11:59:59,1.3701,1.3643,1.3635,1.3707,1.3592231229398863,1.36715,1.3635,1.3707,True,0.007642187730031215,0.003689376712007345,0,1.3686445644043657,1.3675440800678882,14.911918411762315,14.911918411762315,1.3627093509422166,1.3627109425824513,100.00000000000007,98.28113122339975,0,2
2023-06-07 12:00:00,2023-06-07 12:04:59,1.3644,1.3625,1.3618,1.37,1.3631865614699432,1.364675,1.3618,1.37,True,0.007682031463600429,0.003562119493912992,0,1.3680943222361268,1.3671707705338072,13.46735586785092,13.46735586785092,1.362728909639309,1.3627088436512826,97.09601922231344,99.0320064074379,0,2
2023-06-07 12:05:00,2023-06-07 12:09:59,1.3625,1.3602,1.3587,1.3647,1.3639307807349716,1.361525,1.3587,1.3647,True,0.007561886359057542,0.003204686914161089,0,1.3676325463849668,1.3668381253223518,10.68018911762843,10.68018911762843,1.3627169304389177,1.362683880032862,90.72813744608051,95.94138555613138,1,2
2023-06-07 12:10:00,2023-06-07 12:14:59,1.3602,1.3589,1.3575,1.3615,1.362727890367486,1.359525,1.3575,1.362727890367486,True,0.007307465904839146,0.002777826196960295,0,1.367235335853659,1.3665260555910528,7.761588930378018,7.761588930378018,1.362685169937038,1.3626462294852713,82.27631452061206,90.03349039633538,0,1
2023-06-07 12:15:00,2023-06-07 12:19:59,1.359,1.3579,1.3563,1.36,1.361126445183743,1.3583,1.3563,1.361126445183743,True,0.0070497897687792094,0.0023412794407332146,0,1.3668806957223558,1.366223921407467,4.940128664209865,4.940128664209865,1.3626415364053261,1.3625990033212387,70.36518835689508,81.12321344119594,0,1
2023-06-07 12:20:00,2023-06-07 12:24:59,1.3579,1.3545,1.3472,1.3579,1.3597132225918716,1.3543749999999999,1.3472,1.3597132225918716,True,0.007310519071009277,0.001749676496589513,0,1.3665523085649112,1.3659047528381776,0.24740575836217715,0.0,1.3625592823117407,1.3625184162235149,56.08942951754637,69.57697746501789,-1,1
2023-06-07 12:25:00,2023-06-07 12:29:59,1.3545,1.3551,1.3532,1.3565,1.3570441112959357,1.354825,1.3532,1.3570441112959357,True,0.007024053423080048,0.0013558158447763884,0,1.3662285307015443,1.3655774502915967,-2.191763120931654,-0.0,1.362482324278788,1.3624446011367137,44.67343806430191,57.04268531291451,0,1
2023-06-07 12:30:00,2023-06-07 12:34:59,1.355,1.3543,1.3511,1.355,1.3559345556479678,1.35385,1.3511,1.3559345556479678,True,0.006808049607145759,0.001009271600869958,0,1.3659029904965705,1.3652392999141578,-4.576080570864917,-0.0,1.3623964305048697,1.3623635603293833,38.14205838041688,46.30164198742178,0,1
2023-06-07 12:35:00,2023-06-07 12:39:59,1.3543,1.3486,1.3482,1.3567,1.3548922778239838,1.35195,1.3482,1.3567,True,0.0069289032066353435,0.0003712302020861041,0,1.365571145205364,1.364881893013813,-10.390747569052145,-0.0,1.3622924859227317,1.3622266094803348,34.58093406713334,39.13214350395077,0,1
2023-06-07 12:40:00,2023-06-07 12:44:59,1.3486,1.3512,1.3477,1.3531,1.353421138911992,1.3501499999999997,1.3477,1.353421138911992,True,0.006819695834732824,0.00014191049298902187,0,1.3652265191095883,1.3644994275947502,-10.767530583577383,-0.0,1.3621716651672815,1.3621168919730677,23.26279012181233,31.995260856454248,0,1
2023-06-07 12:45:00,2023-06-07 12:49:59,1.3512,1.3544,1.3496,1.3544,1.3517855694559957,1.3524,1.3496,1.3544,True,0.006675431846537632,0.00022804902164394068,0,1.364862973352169,1.3641152949399837,-7.385684453954283,-0.0,1.3620744346681046,1.3620401069783108,17.0707124666561,24.971478885200654,0,2
2023-06-07 12:50:00,2023-06-07 12:54:59,1.3544,1.3568,1.3543,1.3612,1.352092784727998,1.356675,1.3543,1.3612,True,0.006691472428927795,0.00045904404595622193,0,1.3644891341460763,1.3637618162636582,-2.8106431584069327,-0.0,1.362020708950014,1.3619879666103674,23.519555076913715,21.284352555127445,0,2
2023-06-07 12:55:00,2023-06-07 12:59:59,1.3569,1.356,1.3555,1.3585,1.354383892363999,1.3567250000000002,1.3555,1.3585,True,0.0064277958268615315,0.0005531439928248157,0,1.3641254752048673,1.3634352399729412,-0.7397790365601011,-0.0,1.3619680153286209,1.3619283848530503,37.058168544367014,25.882812029312344,0,2
2023-06-07 13:00:00,2023-06-07 13:04:59,1.3561,1.3592,1.3547,1.3599,1.3555544461819995,1.357475,1.3547,1.3599,True,0.006340096124942857,0.0008278948079393565,0,1.3637803575889043,1.3631372305778626,3.7499963457095262,3.7499963457095262,1.3619233087084357,1.3619012367450598,48.65990058762768,36.41254140296954,0,2
2023-06-07 13:05:00,2023-06-07 13:09:59,1.3593,1.3605,1.3584,1.3636,1.3565147230909997,1.3604500000000002,1.3584,1.3636,True,0.00625866068744693,0.0010754688093425552,0,1.3634587940833833,1.3628841684258,7.847722622444081,7.847722622444081,1.361908648920292,1.3618872940908802,61.69067685206617,49.13624866135368,0,2
2023-06-07 13:10:00,2023-06-07 13:14:59,1.3606,1.3604,1.3575,1.3628,1.3584823615455,1.360325,1.3575,1.3628,True,0.006190184924057869,0.0011966007338842961,0,1.3631714812545916,1.362667372196812,10.40034178227441,10.40034178227441,1.3618928912195927,1.3618724951447023,78.86211461808544,63.07089735259316,1,2
2023-06-07 13:15:00,2023-06-07 13:19:59,1.3604,1.3626,1.3556,1.3626,1.35940368077275,1.3603,1.3556,1.3626,True,0.006248028858053744,0.0013863060607183148,0,1.3629194267257019,1.3624804443102037,14.135939355875152,14.135939355875152,1.3618770415557162,1.3618797339989839,94.22104482323415,78.25794543112865,0,2
2023-06-07 13:20:00,2023-06-07 13:24:59,1.3626,1.3726,1.3601,1.3774,1.359851840386375,1.368175,1.3601,1.3774,True,0.007037455368192753,0.002144422595322386,0,1.3626999355179528,1.3623723453784813,21.273774485016148,21.273774485016148,1.361939707808893,1.361986403312427,98.94619087740325,90.67645010624102,0,2
2023-06-07 13:25:00,2023-06-07 13:29:59,1.3728,1.3834,1.372,1.3857,1.3640134201931875,1.378475,1.372,1.3857,True,0.00751335141332183,0.0032873525356082157,0,1.362536140448217,1.3623977196646315,27.905617692904485,27.905617692904485,1.3621042380794512,1.3621994739262335,99.42209796796463,97.52977788953409,0,2
2023-06-07 13:30:00,2023-06-07 13:34:59,1.3835,1.3757,1.3721,1.385,1.3712442100965938,1.3790749999999998,1.3721,1.385,True,0.007898112026655978,0.0033538223661083704,0,1.3624669300564243,1.3625321208973664,24.739759803555927,24.739759803555927,1.3622731013821432,1.3623338075190072,100.0000000000001,99.45609628178941,0,2
2023-06-07 13:35:00,2023-06-07 13:39:59,1.3756,1.385,1.3727,1.3853,1.3751596050482968,1.37965,1.3727,1.3853,True,0.008233961167609119,0.003881582080396571,0,1.3624995254768952,1.362755382787994,25.42719679924737,25.42719679924737,1.3624460058460024,1.3625593417725494,100.0000000000001,99.8073659893217,0,2
2023-06-07 13:40:00,2023-06-07 13:44:59,1.3848,1.3965,1.381,1.3995,1.3774048025241483,1.39045,1.381,1.3995,True,0.008967249655637036,0.004828404357552961,0,1.3626274541324446,1.36312117297092,28.072102090933896,28.072102090933896,1.3627246525540024,1.3628970597648624,100.0000000000001,100.00000000000018,0,2
2023-06-07 13:45:00,2023-06-07 13:49:59,1.3966,1.3834,1.379,1.3973,1.3839274012620741,1.389075,1.379,1.3973,True,0.009633874680234389,0.00430891277008289,0,1.3628743135516823,1.3635872330087924,22.08876326879073,22.08876326879073,1.3629868450659028,1.363101069120436,97.92279234237465,99.30759744745836,0,1
2023-06-07 13:50:00,2023-06-07 13:54:59,1.3834,1.3764,1.3729,1.3834,1.386501200631037,1.379025,1.3729,1.386501200631037,True,0.009695740774503357,0.0032759792487244742,0,1.3632307732802373,1.3640600848533004,15.060664496911542,15.060664496911542,1.3631464286970878,1.3632333967908794,81.5956542089168,93.17281551709726,0,1
2023-06-07 13:55:00,2023-06-07 13:59:59,1.3765,1.3816,1.3764,1.3823,1.3827631003155185,1.3792,1.3764,1.3827631003155185,True,0.009424616433467403,0.0027886892976010137,0,1.3636454290667688,1.3645362403545285,12.32018592394995,12.32018592394995,1.3633061657249774,1.363416149061617,61.88671162372066,80.46838605833744,0,1
2023-06-07 14:00:00,2023-06-07 14:04:59,1.3816,1.3846,1.3757,1.3852,1.3809815501577591,1.381775,1.3757,1.3852,True,0.009430000973934023,0.0025206428373692833,0,1.3640908347106486,1.3650293971532343,11.588991370121285,11.588991370121285,1.3634899352202512,1.3636269336480686,46.462266605050324,63.314877479229345,0,1
2023-06-07 14:05:00,2023-06-07 14:09:59,1.3846,1.3885,1.3818,1.3915,1.3813782750788794,1.3866,1.3818,1.3915,True,0.009449286618653022,0.002463977695035242,0,1.3645601159319416,1.3655656602441315,12.513047437674864,12.513047437674864,1.363719886113582,1.3638744268456002,48.61488218758884,52.321286805453354,0,2
2023-06-07 14:10:00,2023-06-07 14:14:59,1.3887,1.3899,1.3834,1.3915,1.3839891375394398,1.388375,1.3834,1.3915,True,0.00935290900303495,0.002371069802670954,0,1.3650628880880367,1.3661443602745695,13.648775377377213,13.648775377377213,1.3639652106298648,1.3641333877725097,53.441830823289365,49.506326538642924,0,2
2023-06-07 14:15:00,2023-06-07 14:19:59,1.3899,1.3868,1.3848,1.3941,1.38618206876972,1.3889,1.3848,1.3941,True,0.009349129788532445,0.0019464586747562403,0,1.3656036241813032,1.3667561027666326,12.117710801592573,12.117710801592573,1.3642133179867815,1.3643589262026339,56.545771315107494,52.867494775328645,0,1
2023-06-07 14:20:00,2023-06-07 14:24:59,1.3866,1.3961,1.3852,1.3983,1.38754103438486,1.39155,1.3852,1.3983,True,0.009617049089351565,0.002173563246539393,0,1.366179863473968,1.3674078444352267,14.818416182919876,14.818416182919876,1.3644853247729827,1.3646747577827072,58.763149545814905,56.250250561403995,0,2
2023-06-07 14:25:00,2023-06-07 14:29:59,1.3961,1.3914,1.3906,1.4103,1.38954551719243,1.3971,1.3906,1.4103,True,0.0103372598686836,0.0018482767621753413,0,1.3667938539545974,1.3681246849980806,13.297578358256942,13.297578358256942,1.3648098489045948,1.3649406805908395,63.36372802469888,59.5575496285405,0,1
2023-06-07 14:30:00,2023-06-07 14:34:59,1.3913,1.3809,1.3785,1.3932,1.3933227585962151,1.385975,1.3785,1.3933227585962151,True,0.010648884163777624,0.000779725368951819,0,1.367459269476339,1.3688115307585567,6.748707724550371,0.0,1.365020447422957,1.3650994797889406,44.428106875843184,55.518328148785734,0,1
2023-06-07 14:35:00,2023-06-07 14:39:59,1.3811,1.3878,1.3811,1.3935,1.3896488792981074,1.385875,1.3811,1.3935,True,0.010788249580650647,0.0004704760721140986,0,1.368135400117448,1.36946936280148,5.735865895226716,0.0,1.3652279554087983,1.3653253556119362,23.051917862721776,43.61458425442135,0,1
2023-06-07 14:40:00,2023-06-07 14:44:59,1.3879,1.3893,1.3838,1.3979,1.3877619396490537,1.3897249999999999,1.3838,1.3979,True,0.011024803182032744,0.00029496964835327814,0,1.368802381459464,1.3701262538074765,5.747227626486364,0.0,1.365471707096273,1.3655639092874394,4.845478814878571,24.108501184481256,0,1
2023-06-07 14:45:00,2023-06-07 14:49:59,1.3894,1.3848,1.3825,1.3913,1.3887434698245267,1.387,1.3825,1.3913,True,0.010865888669030401,-0.00019809818807089638,0,1.3694643176334704,1.3707592005596592,3.1880413530919682,0.0,1.3656859189659618,1.3657553131751266,4.845478814878571,10.914291830826384,0,1
2023-06-07 14:50:00,2023-06-07 14:54:59,1.3848,1.3804,1.3752,1.3878,1.3878717349122633,1.38205,1.3752,1.3878717349122633,True,0.010989753764099653,-0.0008671608909851716,0,1.3701117590965648,1.3713349908804364,-0.7520138411248851,-0.0,1.3658487456429174,1.365901031451991,4.845478814878571,4.845478814878649,0,1
2023-06-07 14:55:00,2023-06-07 14:59:59,1.3803,1.3842,1.3803,1.39,1.3849608674561318,1.3837,1.3803,1.39,True,0.010897628495235378,-0.0010562686255872027,0,1.3707233749885006,1.3718731517615943,-0.9113423897600441,-0.0,1.3660263700643809,1.366083110741026,2.3963566573230772,4.02910476236015,0,1
2023-06-07 15:00:00,2023-06-07 15:04:59,1.3842,1.3879,1.3812,1.3894,1.3843304337280657,1.385675,1.3812,1.3894,True,0.010704940745575707,-0.0009317128519790909,0,1.3712982633750475,1.3723915449646906,1.177602375300566,0.0,1.3662218788199592,1.3663001942162398,7.651756433971414,4.964530635391099,0,1
2023-06-07 15:05:00,2023-06-07 15:09:59,1.3879,1.3969,1.3853,1.3979,1.3850027168640329,1.392,1.3853,1.3979,True,0.010840302120891723,-0.00024500658313992077,0,1.371844904169869,1.3729342144335799,6.630554485677841,0.0,1.3664783775381686,1.3666046698956802,21.160863709021083,10.402992266771935,0,2
2023-06-07 15:10:00,2023-06-07 15:14:59,1.3969,1.3775,1.3764,1.3969,1.3885013584320163,1.3869250000000002,1.3764,1.3969,True,0.011530280540828025,-0.0011727130811554545,0,1.3723895593017243,1.3734574535905024,0.9514647895751196,0.0,1.3666818265178884,1.3667130811404993,22.977405411369975,17.263341851454232,0,1
2023-06-07 15:15:00,2023-06-07 15:19:59,1.3774,1.3899,1.3769,1.3918,1.3877131792160082,1.384,1.3769,1.3918,True,0.01177097478791173,-0.0009200486630858524,0,1.3729235064461134,1.3739417365384705,2.016071233108363,0.0,1.3668541466520387,1.3669437967510416,17.72200563472164,20.620091585037642,0,2
2023-06-07 15:20:00,2023-06-07 15:24:59,1.3899,1.3954,1.3883,1.3968,1.3858565896080042,1.3926,1.3883,1.3968,True,0.011537333731632318,-0.00038722316756987975,0,1.3734326214922918,1.3744510314389224,4.46292236410158,0.0,1.3671103242972922,1.3672269430520263,14.980138731282745,18.55984992579153,0,2
2023-06-07 15:25:00,2023-06-07 15:29:59,1.3954,1.4039,1.3954,1.4079,1.3892282948040022,1.4006499999999997,1.3954,1.4079,True,0.01160609560794429,0.0005091587503292536,0,1.3739418264656071,1.3750317556817213,8.452520304516383,0.0,1.367444052413737,1.3675918490913097,29.480098030010407,20.727414132005006,0,2
2023-06-07 15:30:00,2023-06-07 15:34:59,1.4039,1.4088,1.3941,1.4103,1.394939147402001,1.404275,1.3941,1.4103,True,0.011934231635948285,0.001352656883364967,0,1.3744867910736642,1.375689603717258,12.314869724779747,12.314869724779747,1.3678105295041476,1.368001880443635,51.32365699992355,31.927964587072307,0,2
2023-06-07 15:35:00,2023-06-07 15:39:59,1.4093,1.4076,1.406,1.417,1.3996070737010005,1.409975,1.406,1.417,True,0.01186750080480913,0.0017035985521592426,0,1.375088197395461,1.3764427663818244,14.174938854939029,14.174938854939029,1.3682300764742557,1.3683958915834993,73.8897499616461,51.564501663860085,0,2
2023-06-07 15:40:00,2023-06-07 15:44:59,1.4077,1.4113,1.4065,1.4171,1.4047910368505003,1.41065,1.4065,1.4171,True,0.011776965033037046,0.0020535494384498927,0,1.3757654818886427,1.3772704346451325,16.503979136509003,16.503979136509003,1.3686521652655566,1.3688227981349073,88.51022563657989,71.24121086604991,0,2
2023-06-07 15:45:00,2023-06-07 15:49:59,1.4114,1.4057,1.4049,1.4125,1.4077205184252501,1.4086249999999998,1.4049,1.4125,True,0.011478610387820118,0.0017460806534213141,0,1.3765179582668876,1.378137189352299,14.356528987383513,14.356528987383513,1.3690499049146554,1.3691897354668983,95.17753952331708,85.85917170718108,0,1
2023-06-07 15:50:00,2023-06-07 15:54:59,1.4055,1.4145,1.4027,1.4147,1.408172759212625,1.40935,1.4027,1.4147,True,0.011515852502975824,0.0020119524742581267,0,1.3773275738095931,1.3790337445035512,15.950778145942607,15.950778145942607,1.369450900885654,1.3696405838702128,91.16931767112544,91.61902761034086,0,2
2023-06-07 15:55:00,2023-06-07 15:59:59,1.4144,1.399,1.3952,1.4177,1.4087613796063125,1.4065750000000001,1.3952,1.4177,True,0.012300434467048978,0.0009669989112183058,0,1.3781806591565722,1.3799285709810996,9.534767820429913,0.0,1.3698202949066922,1.3699327173640417,80.23535834681353,88.86073851375208,0,1
2023-06-07 16:00:00,2023-06-07 16:04:59,1.3989,1.3945,1.3908,1.4062,1.4076681898031564,1.3976000000000002,1.3908,1.4076681898031564,True,0.012521832005116898,-0.00012582016683043706,0,1.3790546150688359,1.3807543189558342,3.676189985581402,0.0,1.370096709882745,1.3701771679375339,54.96119612126757,75.4552907130689,0,1
2023-06-07 16:05:00,2023-06-07 16:09:59,1.3945,1.4025,1.3935,1.406,1.4026340949015783,1.399125,1.3935,1.406,True,0.012520272576179974,-0.0003431721414184803,0,1.379904467012335,1.381530478552026,3.2161032204753113,0.0,1.3703855485903793,1.370498788157061,31.241654608370265,55.47940302548384,0,1
2023-06-07 16:10:00,2023-06-07 16:14:59,1.4021,1.4062,1.4012,1.4092,1.4008795474507891,1.4046750000000001,1.4012,1.4092,True,0.01219739596359569,-0.00027904603533212245,0,1.3807174727821805,1.3823003504910378,4.33974339834802,0.0,1.3707267371616194,1.3708540240957967,22.564892363903976,36.25591436451399,0,1
2023-06-07 16:15:00,2023-06-07 16:19:59,1.4061,1.4037,1.4018,1.4069,1.4027772737253947,1.404625,1.4018,1.4069,True,0.011690439109053149,-0.00046050213648668806,0,1.381508911636609,1.3830596469199268,3.8066403819454777,0.0,1.371064033309265,1.3711808497266842,32.942757919433284,28.916434963902564,0,1
2023-06-07 16:20:00,2023-06-07 16:24:59,1.4038,1.3984,1.3945,1.4062,1.4037011368626975,1.400725,1.3945,1.4062,True,0.011691122029835053,-0.0009838358035988235,0,1.382284279278268,1.3837786494468227,0.8592945047740486,0.0,1.3713591673061878,1.3714516870428366,32.569190555049644,29.358946946129024,0,1
2023-06-07 16:25:00,2023-06-07 16:29:59,1.3985,1.4036,1.394,1.4049,1.4022130684313487,1.4002500000000002,1.394,1.4049,True,0.011634613313418274,-0.0009831009065806758,0,1.3830314643625454,1.384457736174195,1.60782470240418,0.0,1.3716466382782655,1.3717715707538531,19.94156473421665,28.484504402899915,0,1
2023-06-07 16:30:00,2023-06-07 16:34:59,1.4036,1.3956,1.3954,1.4041,1.4012315342156745,1.3996749999999998,1.3954,1.4041,True,0.011424998076745536,-0.0015471104297514991,0,1.3837446002683702,1.3850967925432638,-1.6900455690889657,-0.0,1.371925527449626,1.3720086695523224,6.326988547582978,19.612581278949815,0,1
2023-06-07 16:35:00,2023-06-07 16:39:59,1.3956,1.397,1.3939,1.3994,1.4004532671078371,1.3964750000000001,1.3939,1.4004532671078371,True,0.011001783928406573,-0.0018038243089678573,0,1.384420696405817,1.3856779927203298,-3.0512100747914985,-3.0512100747914985,1.3721698008083363,1.3722573395070257,1.094985943722224,9.121179741840674,0,1
2023-06-07 16:40:00,2023-06-07 16:44:59,1.3971,1.3972,1.3934,1.3987,1.3984641335539187,1.3965999999999998,1.3934,1.3987,True,0.01059451364780611,-0.0019296769130929346,0,1.3850493445630734,1.3862105122921855,-3.8222913012580335,-3.8222913012580335,1.3724128873674573,1.3725055251835727,0.23800658335831734,2.553327024887896,0,1
2023-06-07 16:45:00,2023-06-07 16:49:59,1.3973,1.3954,1.39,1.3975,1.3975320667769593,1.39505,1.39,1.3975320667769593,True,0.010373476958677106,-0.002099265536054558,0,1.3856299284276294,1.3866904169822594,-5.428441755694408,-5.428441755694408,1.3726381322692736,1.372733330903139,0.23800658335831734,0.5236663701463423,0,-2
2023-06-07 16:50:00,2023-06-07 16:54:59,1.3954,1.4011,1.3911,1.4011,1.3962910333884797,1.3971749999999998,1.3911,1.4011,True,0.010346800033057314,-0.001771803564390423,0,1.3861601727049444,1.3871401847092146,-2.2361765401553058,-0.0,1.3728822802068927,1.3730155863170381,4.756323893762807,1.7441123534932033,0,-1
2023-06-07 16:55:00,2023-06-07 16:59:59,1.4012,1.4087,1.4008,1.4099,1.3967330166942398,1.40515,1.4008,1.4099,True,0.010257742887838926,-0.0010045070869051688,0,1.3866501787070795,1.3876178564893786,3.845656820864015,0.0,1.3732033520456302,1.3733706551099034,23.283591019798436,9.425973832306576,0,2
2023-06-07 17:00:00,2023-06-07 17:04:59,1.4086,1.4055,1.4026,1.4097,1.40094150834712,1.4065999999999999,1.4026,1.4097,True,0.01003218982442185,-0.0007262256000139435,0,1.3871340175982292,1.3881241685324965,5.356788860028246,0.0,1.3735356570004,1.3736903500839341,49.148259366293495,25.729391426618303,0,2
2023-06-07 17:05:00,2023-06-07 17:09:59,1.4056,1.4023,1.4,1.4074,1.4037707541735598,1.403825,1.4,1.4074,True,0.00984417626553458,-0.0007754158707791543,0,1.387629093065363,1.3886305159658776,3.993723265290072,0.0,1.3738370434979086,1.3739750232174273,67.45789159557832,46.629913993890135,0,1
2023-06-07 17:10:00,2023-06-07 17:14:59,1.4023,1.4032,1.4023,1.4086,1.40379787708678,1.4041000000000001,1.4023,1.4086,True,0.009591020817996395,-0.0007517092725081243,0,1.3881298045156203,1.389135303972839,3.7264800554486612,0.0,1.374138167443203,1.3742658190063086,72.28931628152749,62.96515574779982,0,1
2023-06-07 17:15:00,2023-06-07 17:19:59,1.4032,1.3973,1.397,1.4066,1.40394893854339,1.401025,1.397,1.4066,True,0.009591662188139513,-0.0011469954285906313,0,1.3886325542442295,1.3896143030797066,-0.6541801097084843,-0.0,1.3744056981154098,1.3744950148370916,58.36856516081945,66.0385910126418,0,-2
2023-06-07 17:20:00,2023-06-07 17:24:59,1.3973,1.3798,1.3731,1.3989,1.402486969271695,1.387275,1.3731,1.402486969271695,True,0.010749400603272409,-0.0025889816108006208,0,1.389123428661968,1.3899753723382544,-9.764981287003138,-9.764981287003138,1.3745337508704802,1.3745478007591105,35.54061562113012,55.39949902115907,0,-2
2023-06-07 17:25:00,2023-06-07 17:29:59,1.3795,1.3723,1.3705,1.3842,1.3948809846358476,1.376625,1.3705,1.3948809846358476,True,0.010960157703038669,-0.003953007970520827,0,1.3895494005001112,1.3901680469528692,-17.236709469400367,-17.236709469400367,1.3745545593195303,1.374525434582403,11.943917225787095,35.28436600257894,-1,-2
2023-06-07 17:30:00,2023-06-07 17:34:59,1.3723,1.3793,1.3719,1.3816,1.385752992317924,1.376275,1.3719,1.385752992317924,True,0.01087014643853591,-0.004204649313802057,0,1.38985872372649,1.3902244199550935,-17.400920459605302,-17.400920459605302,1.3745716781322712,1.374572942696011,9.000207986294602e-14,15.828177615639154,0,-2
2023-06-07 17:35:00,2023-06-07 17:39:59,1.3792,1.3826,1.3765,1.3842,1.3810139961589618,1.380625,1.3765,1.3842,True,0.01064370740721192,-0.0039726510607340434,0,1.3900415718407917,1.3902029405866554,-15.467752828664835,-15.467752828664835,1.3746319101906566,1.3746528139129661,6.05374966040436,5.9992222953972325,0,-2
2023-06-07 17:40:00,2023-06-07 17:44:59,1.3826,1.3788,1.3781,1.3869,1.380819498079481,1.3816,1.3781,1.3869,True,0.010512014020982492,-0.003918752433371225,0,1.3901222562137234,1.3901270044074792,-15.601369623538261,-15.601369623538261,1.3747012444176152,1.3746940794461704,13.427965609237376,6.49390508988066,0,-2
2023-06-07 17:45:00,2023-06-07 17:49:59,1.3789,1.3781,1.3734,1.3824,1.3812097490397406,1.3782,1.3734,1.3824,True,0.010404013019483752,-0.003763451212699542,0,1.3901246303106012,1.3899853873854007,-15.963229166877284,-15.963229166877284,1.374736057905997,1.3747279692029248,17.9722579683319,12.484657745991264,0,-2
2023-06-07 17:50:00,2023-06-07 17:54:59,1.3783,1.3796,1.3762,1.3843,1.3797048745198703,1.3796,1.3762,1.3843,True,0.010239440660949197,-0.003392561266159202,0,1.3900550088480008,1.3898026365060256,-14.913565588965923,-14.913565588965923,1.3747844553397683,1.3747764471213038,18.50180445033456,16.634009342634666,0,-1
2023-06-07 17:55:00,2023-06-07 17:59:59,1.3795,1.3709,1.365,1.3797,1.379652437259935,1.373775,1.365,1.3797,True,0.010558052042309963,-0.0035928285062635295,0,1.3899288226770132,1.3895487888222224,-17.781696981365975,-17.781696981365975,1.3747744110080293,1.3747378755081565,12.95155388640273,16.475205435023117,0,-2
2023-06-07 18:00:00,2023-06-07 18:04:59,1.3708,1.3701,1.3645,1.3766,1.3767137186299676,1.3704999999999998,1.3645,1.3767137186299676,True,0.010668191182144965,-0.003605794633391662,-1,1.3897388057496178,1.3892182378065199,-19.965529025879526,-19.965529025879526,1.374731879555213,1.37469172749315,8.407261527308206,13.286873288015217,0,-2
2023-06-07 18:05:00,2023-06-07 18:09:59,1.3702,1.3837,1.3688,1.388,1.3736068593149837,1.377675,1.3688,1.388,True,0.01127760609770603,-0.0025037671215514872,0,1.389478521778069,1.3888787937800473,-11.863408742681486,-11.863408742681486,1.3747611643357582,1.374781362045457,11.747131541798382,11.035315651836491,0,-1
2023-06-07 18:10:00,2023-06-07 18:14:59,1.3837,1.3917,1.3782,1.3966,1.3756409296574919,1.38755,1.3782,1.3966,True,0.011786348519298454,-0.00111025309285036,0,1.3891786577790581,1.3886024301723783,-3.2046976949357244,-3.2046976949357244,1.37488841643192,1.3749497067017211,33.40137568769132,17.85192291893269,0,-1
2023-06-07 18:15:00,2023-06-07 18:19:59,1.3918,1.3935,1.3881,1.3995,1.381595464828746,1.393225,1.3881,1.3995,True,0.011758752196491426,-1.4180242956531551e-05,0,1.3888905439757182,1.3884165629054663,3.2212623857622233,0.0,1.3750708699997616,1.3751342867345397,62.61815666569131,35.92222129839372,0,-1
2023-06-07 18:20:00,2023-06-07 18:24:59,1.3934,1.3956,1.392,1.4028,1.3874102324143731,1.3959499999999998,1.392,1.4028,True,0.011690269896742048,0.0008609709254077452,0,1.3886535534405924,1.3883219156891122,8.308690145590731,8.308690145590731,1.3752786225370774,1.3753379256725045,86.02832384212752,60.68261873183676,0,-1
2023-06-07 18:25:00,2023-06-07 18:29:59,1.3954,1.3925,1.3915,1.4,1.3916801162071866,1.39485,1.3915,1.4,True,0.011462393475546185,0.0011960198669294813,0,1.3884877345648523,1.3882921888708224,9.148510290930751,9.148510290930751,1.3754733626113353,1.3755086925812356,94.44986588435563,81.03211546405821,0,-1
2023-06-07 18:30:00,2023-06-07 18:34:59,1.3925,1.4044,1.3886,1.4086,1.3932650581035932,1.398525,1.3886,1.4086,True,0.012072222513007174,0.0021934519144290693,0,1.3883899617178375,1.3883389927043073,14.14660445917498,14.14660445917498,1.3757027321375908,1.3757961682769448,98.56641823968899,93.01486932205744,1,2
2023-06-07 18:35:00,2023-06-07 18:39:59,1.4045,1.3941,1.3936,1.4076,1.3958950290517966,1.39995,1.3936,1.4076,True,0.012209920904935233,0.0020484853933517145,0,1.3883644772110724,1.3884555055495085,11.030100537976914,11.030100537976914,1.3759439984844803,1.3759782959557811,98.56641823968899,97.19423412124458,0,2
2023-06-07 18:40:00,2023-06-07 18:44:59,1.3942,1.3914,1.3903,1.3955,1.3979225145258982,1.3928500000000001,1.3903,1.3979225145258982,True,0.011709212268868422,0.0016892303184455112,0,1.3884099913802905,1.3885773878372432,7.566948089370335,7.566948089370335,1.3761122174050329,1.376131745747266,91.29945914787886,96.14409854241899,0,1
2023-06-07 18:45:00,2023-06-07 18:49:59,1.3916,1.3874,1.386,1.3935,1.3953862572629492,1.389625,1.386,1.3953862572629492,True,0.01140855424966354,0.0011156601691315424,0,1.388493689608767,1.3886805343530602,3.2524013016118403,0.0,1.3762466729532414,1.376243867680129,79.08241351160278,89.64943029972359,0,-2
2023-06-07 18:50:00,2023-06-07 18:54:59,1.3873,1.3909,1.3869,1.395,1.3925056286314748,1.390025,1.3869,1.395,True,0.011172228946116145,0.0009417451209957262,0,1.3885871119809137,1.3887709667944799,2.423603684809514,0.0,1.3763837707348012,1.3763896998425158,67.32005953337956,79.23397739762045,0,-2
2023-06-07 18:55:00,2023-06-07 18:59:59,1.391,1.3839,1.381,1.3916,1.3912653143157374,1.3868749999999999,1.381,1.3916,True,0.011131355449964988,0.0003124902177891782,0,1.3886790393876969,1.3888291565430797,-1.6867611495577535,-0.0,1.3764881610757485,1.3764644291973167,60.72790571045453,69.04345958514568,-1,-2
2023-06-07 19:00:00,2023-06-07 19:04:59,1.3839,1.3782,1.377,1.3857,1.3890701571578687,1.3812,1.377,1.3890701571578687,True,0.010957687203538912,-0.0004942709107031951,0,1.3887540979653885,1.3888226256141518,-6.704654871556954,-6.704654871556954,1.376535045045144,1.3764816985585375,51.8899041545927,59.97928979947565,0,-2
2023-06-07 19:05:00,2023-06-07 19:09:59,1.3779,1.3836,1.3745,1.3838,1.3851350785789345,1.37995,1.3745,1.3851350785789345,True,0.010839280974714694,-0.0006176234894306606,0,1.3887883617897703,1.3887566081204392,-6.439153238412139,-6.439153238412139,1.376569024696436,1.376552527428602,41.403158293946525,51.34032271966464,0,-2
2023-06-07 19:10:00,2023-06-07 19:14:59,1.3836,1.3809,1.3789,1.3861,1.3825425392894672,1.382375,1.3789,1.3861,True,0.01057933233366365,-0.0008480134475681192,0,1.3887724849551049,1.3886608474650433,-7.566403919581475,-7.566403919581475,1.376626795594979,1.3765957858621483,28.992879767286183,40.76198073860852,0,-2
2023-06-07 19:15:00,2023-06-07 19:19:59,1.3808,1.3822,1.3747,1.3832,1.3824587696447335,1.3802249999999998,1.3747,1.3832,True,0.010430808595544816,-0.0008615920831749248,0,1.388716666210074,1.3885275755427673,-7.3453775471424905,-7.3453775471424905,1.3766625986238845,1.376651549186903,18.388050881189876,29.59469631414092,0,-2
2023-06-07 19:20:00,2023-06-07 19:24:59,1.3821,1.3842,1.3809,1.3879,1.3813418848223666,1.383775,1.3809,1.3879,True,0.01018575083872018,-0.0006849792277051777,0,1.3886221208764207,1.3883900418986923,-5.6312340075738305,-5.6312340075738305,1.3767333687868308,1.3767266581502173,16.479737617028775,21.286889421835003,0,-1
2023-06-07 19:25:00,2023-06-07 19:29:59,1.3842,1.369,1.3664,1.3842,1.3825584424111832,1.37595,1.3664,1.3842,True,0.0107296257788116,-0.0015716415458375665,0,1.3885060813875565,1.3881964087765222,-11.333955486246381,-11.333955486246381,1.376725574072534,1.3766497759795684,10.849377485402046,15.239055327873622,0,-2
2023-06-07 19:30:00,2023-06-07 19:34:59,1.3693,1.3783,1.3688,1.3793,1.3792542212055916,1.373925,1.3688,1.3793,True,0.010713223937467911,-0.0014233685389935954,0,1.3883512450820392,1.3879460430163468,-9.321227271450105,-9.321227271450105,1.376697707663852,1.3766661961190751,9.175920230302939,12.168345110911309,0,-1
2023-06-07 19:35:00,2023-06-07 19:39:59,1.3783,1.3847,1.3733,1.3855,1.376589610602796,1.3804500000000002,1.3733,1.3855,True,0.010819422227648774,-0.0008091685941228454,0,1.388148644049193,1.3876974974657708,-4.932594314201168,-4.932594314201168,1.3767350439060027,1.3767461344661491,11.403978537894796,10.476425417866649,0,-1
2023-06-07 19:40:00,2023-06-07 19:44:59,1.3848,1.3765,1.3743,1.3848,1.378519805301398,1.3801,1.3743,1.3848,True,0.010796606354245286,-0.0009211307103643581,0,1.387923070757482,1.3874496888935965,-5.643998606315343,-5.643998606315343,1.3767685260561917,1.3767436853669834,22.33563608042729,14.305178282875062,0,-2
2023-06-07 19:45:00,2023-06-07 19:49:59,1.3766,1.3811,1.375,1.3816,1.3793099026506992,1.3785749999999999,1.375,1.3816,True,0.010496848757513475,-0.0006183337854522085,0,1.3876863798255392,1.387193697658258,-3.834820844944801,-0.0,1.3767865009213043,1.3767870317812423,35.58526843165893,23.108294349993727,0,-1
2023-06-07 19:50:00,2023-06-07 19:54:59,1.3812,1.3725,1.3707,1.3812,1.3789424513253494,1.3764,1.3707,1.3812,True,0.01049707384626251,-0.0009651107402996848,0,1.3874400387418986,1.386918097713741,-6.1495539419205585,-6.1495539419205585,1.3767826551409927,1.376744374748593,34.75566710259884,30.89219053822841,0,-2
2023-06-07 19:55:00,2023-06-07 19:59:59,1.3726,1.3712,1.3679,1.3728,1.3776712256626746,1.371125,1.3679,1.3776712256626746,True,0.01009728285724377,-0.001214140396185912,0,1.3871790682278198,1.386592758493521,-8.177222622607943,-8.177222622607943,1.3767263600649629,1.3766892068406469,23.824009560066354,31.388315031441433,0,-2
2023-06-07 20:00:00,2023-06-07 20:04:59,1.371,1.367,1.3661,1.3736,1.3743981128313374,1.369425,1.3661,1.3743981128313374,True,0.009911762653154918,-0.0015856673805265831,0,1.3868859133606704,1.3862188275568914,-11.110568519290467,-11.110568519290467,1.3766537097160578,1.376592796822332,10.574377208834706,23.051351290500023,0,-2
2023-06-07 20:05:00,2023-06-07 20:09:59,1.367,1.362,1.36,1.3679,1.3719115564156685,1.364225,1.36,1.3719115564156685,True,0.009768065320786695,-0.002071980132406827,0,1.3865523704587808,1.3857735280540775,-14.741067396026153,-14.741067396026153,1.3765300409626642,1.3764475948639008,9.592326932761353e-14,11.466128922967107,0,-2
2023-06-07 20:10:00,2023-06-07 20:14:59,1.3619,1.3542,1.3539,1.3646,1.3680682782078342,1.3586500000000001,1.3539,1.3680682782078342,True,0.009834632083587641,-0.002799288122060954,0,1.3861629492564291,1.385236844376534,-19.2304224453568,-19.2304224453568,1.3763521301073143,1.3762262257607774,9.592326932761353e-14,3.5247924029450197,0,-2
2023-06-07 20:15:00,2023-06-07 20:19:59,1.3542,1.3526,1.3463,1.3608,1.3633591391039173,1.3534750000000002,1.3463,1.3633591391039173,True,0.010167872649045664,-0.003220039142443264,0,1.3856998968164815,1.3845963895128999,-22.599201520672302,-22.599201520672302,1.3761244969719182,1.375991138937287,9.592326932761353e-14,1.4980609345608778e-13,0,-2
2023-06-07 20:20:00,2023-06-07 20:24:59,1.3526,1.3546,1.3518,1.3601,1.3584170695519586,1.354775,1.3518,1.3601,True,0.010034453174113845,-0.003171586486034509,0,1.3851481431646906,1.3838875484486466,-22.940167336385805,-22.940167336385805,1.3759120641662275,1.375778291783682,3.1636796574392148,1.0545598858131895,0,-2
2023-06-07 20:25:00,2023-06-07 20:29:59,1.3549,1.3536,1.3523,1.3558,1.3565960347759793,1.3541500000000002,1.3523,1.3565960347759793,True,0.009567706518819987,-0.003022490899920938,0,1.3845178458066685,1.3831254416865766,-23.531737510853514,-23.531737510853514,1.3756955262143247,1.3755576122634463,5.729010112583501,2.9642299233409912,0,-2
2023-06-07 20:30:00,2023-06-07 20:34:59,1.3535,1.3469,1.3452,1.3538,1.3553730173879899,1.34985,1.3452,1.3553730173879899,True,0.009498584624618556,-0.0032009431302239925,0,1.3838216437466224,1.3822971247559823,-26.03200825192085,-26.03200825192085,1.3754383567992567,1.3752724618926657,5.729010112583501,4.873899960868793,0,-2
2023-06-07 20:35:00,2023-06-07 20:39:59,1.3471,1.348,1.3429,1.3481,1.352611508693995,1.3465250000000002,1.3429,1.352611508693995,True,0.009191542865717236,-0.0030430697374043657,0,1.3830593842513024,1.3813995501930891,-26.431610652252086,-26.431610652252086,1.3751506617067268,1.3750010941126392,2.565330455144382,4.6744502267705155,0,-2
2023-06-07 20:40:00,2023-06-07 20:44:59,1.3479,1.3553,1.3479,1.3556,1.3495682543469976,1.351675,1.3479,1.3556,True,0.009085004089594563,-0.002244728592435361,0,1.3822294672221958,1.3804889414021109,-19.695796832183728,-19.695796832183728,1.374917073033028,1.3748050633254487,12.023245144025354,6.772528570584467,0,-1
2023-06-07 20:45:00,2023-06-07 20:49:59,1.3553,1.3501,1.3495,1.3554,1.3527,1.3525749999999999,1.3495,1.3554,True,0.008857503797480668,-0.0019216273218224684,0,1.3813592043121534,1.3795804933735218,-17.957917799493124,-17.957917799493124,1.3746947638486198,1.3745592417998225,26.237417753279676,13.608664450816525,0,-1
2023-06-07 20:50:00,2023-06-07 20:54:59,1.3501,1.3555,1.3497,1.3572,1.3526375,1.353125,1.3497,1.3572,True,0.008760539240517767,-0.0011902952722137941,0,1.3804698488428377,1.3786837530328417,-12.708273693272211,-12.708273693272211,1.374480139332713,1.3743695976028094,42.80868093376008,27.02311461035509,0,-1
2023-06-07 20:55:00,2023-06-07 20:59:59,1.3555,1.3591,1.3553,1.3602,1.3528812499999998,1.3575249999999999,1.3553,1.3602,True,0.00848478643762365,-0.0003493500758453838,0,1.3795768009378397,1.377832571508822,-6.908774941323948,-0.0,1.3743114314786562,1.3742176613082542,60.885204184110115,43.31043429038334,0,-1
2023-06-07 21:00:00,2023-06-07 21:04:59,1.359,1.3558,1.353,1.36,1.3552031249999998,1.35695,1.353,1.36,True,0.008378730263507684,5.213416263314362e-05,0,1.378704686223331,1.3770191536605194,-5.3560669324772405,-0.0,1.3741386809166796,1.3740344009967294,78.93640365432913,60.8767629240665,0,-1
2023-06-07 21:05:00,2023-06-07 21:09:59,1.3558,1.3493,1.3452,1.3564,1.3560765625,1.351675,1.3452,1.3564,True,0.008580249530399998,-6.804607243113443e-05,0,1.3778619199419253,1.3762048562213893,-7.993719904482589,-0.0,1.3739151617035783,1.3737882875539758,85.4369222815652,75.0861767066682,0,-2
2023-06-07 21:10:00,2023-06-07 21:14:59,1.3495,1.3484,1.3437,1.3519,1.35387578125,1.3483749999999999,1.3437,1.35387578125,True,0.008553088849657156,-0.00013599141604456882,0,1.3770333880816574,1.3753728117111896,-10.2042523879173,-0.0,1.3736610307413537,1.3735356677773192,73.33784467533314,79.2370568704092,0,-1
2023-06-07 21:15:00,2023-06-07 21:19:59,1.3485,1.3572,1.3454,1.3579,1.351125390625,1.35225,1.3454,1.3579,True,0.008835011074681657,0.0004982501879009678,0,1.3762030998964236,1.3745590901382456,-5.166149755018822,-0.0,1.3734479856593502,1.3733731238193359,70.64949049438324,76.47475248376058,0,-1
2023-06-07 21:20:00,2023-06-07 21:24:59,1.3571,1.3516,1.3508,1.3575,1.3516876953125,1.35425,1.3508,1.3575,True,0.008682510283632962,0.0005697589541927926,0,1.3753810950173346,1.373779099464945,-5.240113206654165,-0.0,1.3732569609264214,1.3731564758211334,80.9110420200001,74.96612572990553,0,-1
2023-06-07 21:25:00,2023-06-07 21:29:59,1.3515,1.3478,1.346,1.3527,1.35296884765625,1.3495,1.346,1.35296884765625,True,0.008540902406230602,0.0003967314694836091,0,1.37458009724114,1.3729984268802027,-7.259529727402764,-0.0,1.3730205732555116,1.372904172579132,88.28975878258909,79.95009709899085,0,-2
2023-06-07 21:30:00,2023-06-07 21:34:59,1.3477,1.3515,1.3456,1.3529,1.3512344238281249,1.3494249999999999,1.3456,1.3529,True,0.00845226652007128,0.0005870103830820268,0,1.3737892620606713,1.372222059086176,-5.866872734636978,-0.0,1.3727857914320738,1.3726911957375485,83.97102924165593,84.3906100147484,0,-1
2023-06-07 21:35:00,2023-06-07 21:39:59,1.3517,1.3551,1.3483,1.3571,1.3503297119140623,1.3530499999999999,1.3483,1.3571,True,0.008477104625780468,0.0009958193427589326,0,1.3730056605734238,1.3714792785479206,-2.5439619238406195,-0.0,1.372589415397924,1.3725161589640404,83.97102924165593,85.41060575530035,0,-1
2023-06-07 21:40:00,2023-06-07 21:44:59,1.355,1.3509,1.3462,1.3562,1.351689855957031,1.352075,1.3462,1.3562,True,0.00858588286679615,0.0009910770085794704,0,1.3722424695606723,1.3707613482198744,-3.2011676259082407,-0.0,1.3723852918616262,1.3723010728051943,90.16317405812573,86.03507751381255,0,-1
2023-06-07 21:45:00,2023-06-07 21:49:59,1.3509,1.3507,1.3422,1.3546,1.3518824279785155,1.3496000000000001,1.3422,1.3546,True,0.008858319804882137,0.0009918416536889244,0,1.3715019088902733,1.3700509272705559,-3.7760569822278,-0.0,1.37215857253962,1.3720861367573813,87.4295576955514,87.18792033177772,0,-1
2023-06-07 21:50:00,2023-06-07 21:54:59,1.3508,1.3575,1.3484,1.3583,1.3507412139892578,1.35375,1.3484,1.3583,True,0.008932725533104842,0.0014745130651723625,0,1.3707764180804147,1.369379766164519,0.7658512104659039,0.0,1.3719754026636037,1.3719410010682531,87.4295576955514,88.34076314974288,0,-1
2023-06-07 21:55:00,2023-06-07 21:59:59,1.3575,1.3658,1.3575,1.3682,1.352245606994629,1.36225,1.3575,1.3682,True,0.009058959423597366,0.0023475307666199867,0,1.370078092122467,1.3688024385275912,7.576608919066977,7.576608919066977,1.3718786324878465,1.3718798965800119,89.19133866168266,88.0168180175952,0,2
2023-06-07 22:00:00,2023-06-07 22:04:59,1.3659,1.3531,1.352,1.3698,1.3572478034973146,1.3601999999999999,1.352,1.3698,True,0.009683319464768969,0.0019898898774871913,0,1.369440265325029,1.3682888825422392,4.00846619030515,4.00846619030515,1.37176242718946,1.3716930319374248,96.39696412432097,91.00595349385172,0,1
2023-06-07 22:05:00,2023-06-07 22:09:59,1.353,1.3476,1.3462,1.3536,1.3587239017486572,1.3500999999999999,1.3462,1.3587239017486572,True,0.00952022521728546,0.001343113368279105,0,1.368864573933634,1.367759761225866,-0.7261735783873604,-0.0,1.3715468806502613,1.3714533002763558,78.00239309481435,87.86356529360603,0,-2
2023-06-07 22:10:00,2023-06-07 22:14:59,1.3478,1.3527,1.3468,1.3599,1.3544119508743284,1.3518,1.3468,1.3599,True,0.009775923416050793,0.0012631050796178848,0,1.36831216757975,1.3672336793577378,-0.999710908944806,-0.0,1.3713503942756318,1.371266700273606,62.51260716033726,78.97065479315756,0,-1
2023-06-07 22:15:00,2023-06-07 22:19:59,1.3527,1.3515,1.3496,1.3631,1.3531059754371642,1.354225,1.3496,1.3631,True,0.010041928886332884,0.001119059792091705,0,1.367772923468744,1.366730238028575,-1.8117332236710197,-0.0,1.371179992342541,1.3710700166887941,54.72905998032882,65.08135341182685,0,-1
2023-06-07 22:20:00,2023-06-07 22:24:59,1.3515,1.3491,1.3453,1.3581,1.353665487718582,1.351,1.3453,1.3581,True,0.010238933965880546,0.0008559672132419944,0,1.3672515807486596,1.3662259489681978,-3.681102194779797,-0.0,1.370979196398834,1.3708514095575624,53.342302377422605,56.861323172696274,0,-2
2023-06-07 22:25:00,2023-06-07 22:29:59,1.3493,1.3464,1.3426,1.3534,1.3523327438592911,1.3479249999999998,1.3426,1.3534,True,0.010279010111174786,0.0005057503100511351,0,1.3667387648584288,1.365703354672167,-6.397023315085214,-0.0,1.370749801409791,1.3706081119500244,43.960607466122354,50.677323274624634,0,-2
2023-06-07 22:30:00,2023-06-07 22:34:59,1.3463,1.3179,1.306,1.3463,1.3501288719296456,1.3291250000000001,1.306,1.3501288719296456,True,0.012430509388948015,-0.0016550396836074194,0,1.366221059765298,1.3650409460948656,-15.42703418667751,-15.42703418667751,1.3703356242813354,1.370083653124651,22.013857188476575,39.77225567734055,0,-2
2023-06-07 22:35:00,2023-06-07 22:39:59,1.3179,1.329,1.3124,1.3305,1.339626935964823,1.32245,1.3124,1.339626935964823,True,0.012835473004023157,-0.002171274867985985,0,1.3656310029300818,1.3642272079793238,-15.614056647221176,-15.614056647221176,1.3698591504078892,1.3696748605562465,8.461852487556085,24.81210571405171,0,-2
2023-06-07 22:40:00,2023-06-07 22:44:59,1.3293,1.3302,1.3275,1.3367,1.3310384679824114,1.3309250000000001,1.3275,1.3367,True,0.012575796360878652,-0.002276389322709989,0,1.3649291054547028,1.3633580576758058,-15.15646690443036,-15.15646690443036,1.3694717459262187,1.369282075874095,10.571294057442689,13.682334577825154,0,-2
2023-06-07 22:45:00,2023-06-07 22:49:59,1.3301,1.3105,1.3094,1.3307,1.3309817339912058,1.320175,1.3094,1.3309817339912058,True,0.01319895376367304,-0.003540408519032725,0,1.3641435815652543,1.362377487830149,-18.936842612281,-18.936842612281,1.3689812310413807,1.3686971795967406,15.293432507894067,11.442193017630984,0,-2
2023-06-07 22:50:00,2023-06-07 22:54:59,1.3106,1.3204,1.3051,1.3216,1.325578366995603,1.314425,1.3051,1.325578366995603,True,0.01343474278055355,-0.0034614486806701285,0,1.3632605346977016,1.361276473232418,-17.089347733786283,-17.089347733786283,1.3684383829713171,1.3682166106455294,17.342239013273012,14.402321859536627,0,-2
2023-06-07 22:55:00,2023-06-07 22:59:59,1.3204,1.3177,1.3143,1.3249,1.3200016834978014,1.319325,1.3143,1.3249,True,0.01323226115337115,-0.0033761055755954818,0,1.3622685039650597,1.360121804976349,-16.505392759390062,-16.505392759390062,1.367949692593493,1.3677139578032853,14.35149381907965,15.662388446748949,0,-2
2023-06-07 23:00:00,2023-06-07 23:04:59,1.3177,1.3168,1.31,1.3188,1.3196633417489008,1.315825,1.31,1.3196633417489008,True,0.012915671070987489,-0.0031615266439022818,0,1.3611951544707044,1.3589088033478054,-16.35631911121672,-16.35631911121672,1.3674310389358464,1.367207351257979,15.393053011448435,15.695595281267073,0,-2
2023-06-07 23:05:00,2023-06-07 23:09:59,1.3169,1.3242,1.3143,1.3286,1.3177441708744504,1.321,1.3143,1.3286,True,0.013014551708774094,-0.0022987224169217432,0,1.3600519789092549,1.3576937039294643,-12.508719876786728,-0.0,1.366969038548425,1.366779417414616,25.917399875969195,18.553982235499134,0,-1
2023-06-07 23:10:00,2023-06-07 23:14:59,1.3244,1.3181,1.3157,1.3245,1.3193720854372253,1.320675,1.3157,1.3245,True,0.01271351230100451,-0.0019775201113963747,0,1.3588728414193596,1.3564830599350624,-12.1143582221574,-0.0,1.3665084013489381,1.3662950451020328,33.79984912128689,25.036767336234885,0,-1
2023-06-07 23:15:00,2023-06-07 23:19:59,1.3181,1.3091,1.3083,1.3188,1.3200235427186127,1.3135750000000002,1.3083,1.3200235427186127,True,0.012555404279504185,-0.002216529894339448,0,1.357677950677211,1.3552355164819392,-14.472114137552865,-14.472114137552865,1.3659817008380035,1.3657259401756445,37.74570437000767,32.48765112242129,0,-2
2023-06-07 23:20:00,2023-06-07 23:24:59,1.3091,1.3096,1.3067,1.3128,1.3167992713593064,1.30955,1.3067,1.3167992713593064,True,0.012094303973825314,-0.002151955494602068,0,1.3564567335795752,1.3539398655198271,-15.735576504045824,-15.735576504045824,1.3654201913769288,1.3651674731092203,31.903502147974763,34.483018546423146,0,-2
2023-06-07 23:25:00,2023-06-07 23:29:59,1.309,1.3098,1.3046,1.3109,1.3131746356796532,1.308575,1.3046,1.3131746356796532,True,0.011680425118552076,-0.0019110619179775,0,1.3551982995497012,1.3526085391841691,-16.432775343414782,-16.432775343414782,1.3648545675821335,1.3646165529787804,23.489414947893078,31.046207155291878,0,-1
2023-06-07 23:30:00,2023-06-07 23:34:59,1.3097,1.3195,1.3072,1.321,1.3108748178398266,1.31435,1.3072,1.321,True,0.011831823324369786,-0.0009124395534214035,0,1.353903419366935,1.3512978823320185,-10.77755382907106,-0.0,1.364352034571366,1.3641676320536185,35.74531086888079,30.379409321582916,0,-1
2023-06-07 23:35:00,2023-06-07 23:39:59,1.3195,1.3101,1.3084,1.32,1.3126124089199132,1.3145,1.3084,1.32,True,0.011815264515486232,-0.0007769830263363066,0,1.3526006508494768,1.3500135203689565,-11.040213018399129,-0.0,1.3638559944263773,1.3636296456650252,62.347693054347324,40.52747295704044,0,-1
2023-06-07 23:40:00,2023-06-07 23:44:59,1.31,1.3047,1.302,1.3103,1.3135562044599567,1.30675,1.302,1.3135562044599567,True,0.0115641741929515,-0.0009301171002422479,0,1.3513070856092166,1.348705499404083,-13.030244307879194,-0.0,1.3632877755763635,1.3630432810315423,74.3978072036776,57.496937042301944,0,-2
2023-06-07 23:45:00,2023-06-07 23:49:59,1.3047,1.3024,1.2992,1.3049,1.3101531022299784,1.3028,1.2992,1.3101531022299784,True,0.011145304607740682,-0.0010488684375928713,0,1.3500062925066498,1.3473607247548662,-15.09939038458284,-15.09939038458284,1.3626859071626682,1.362439865299885,60.68517366591042,65.81022464131182,0,-2
2023-06-07 23:50:00,2023-06-07 23:54:59,1.3023,1.3047,1.2961,1.3058,1.3064765511149892,1.302225,1.2961,1.3064765511149892,True,0.011042068564330636,-0.0008229175808361563,0,1.348683508630758,1.3459922951442145,-14.749069812816359,-14.749069812816359,1.362084306096373,1.3618653392770006,34.4617384179397,56.514906429175944,0,-1
2023-06-07 23:55:00,2023-06-07 23:59:59,1.3045,1.3037,1.2995,1.3051,1.3043507755574946,1.3032,1.2995,1.3051,True,0.01065334938116415,-0.0006091931112035716,0,1.3473379018874863,1.3446213202353534,-14.966498954281683,-14.966498954281683,1.3614983926028768,1.3612865796822047,27.336772866113126,40.82789498332112,0,-1
